age,bmi,glucose,diastolic_blood_pressure,insulin,pregnancies,family_history,physical_activity,diabetes_outcome
44,30.5,126.0,75.0,138.0,0,1,high,0
39,26.7,74.0,73.0,,0,0,moderate,0
56,32.4,127.0,,88.0,0,0,low,0
49,31.1,135.0,83.0,78.0,3,0,moderate,0
51,20.9,109.0,83.0,60.0,4,0,moderate,0
53,,112.0,83.0,61.0,2,0,moderate,0
47,34.0,,57.0,31.0,0,0,high,0
41,41.6,90.0,81.0,97.0,0,1,moderate,0
37,28.5,96.0,73.0,156.0,0,0,high,0
44,39.2,129.0,,87.0,0,0,moderate,0
51,26.6,125.0,118.0,74.0,0,1,moderate,0
52,43.0,107.0,58.0,102.0,0,1,moderate,0
47,25.4,80.0,75.0,23.0,0,0,moderate,0
50,32.9,140.0,74.0,56.0,0,0,moderate,1
31,30.7,75.0,75.0,71.0,0,0,moderate,0
39,37.9,172.0,64.0,29.0,6,0,low,1
54,37.1,82.0,79.0,81.0,4,0,moderate,0
34,22.7,79.0,63.0,27.0,0,0,moderate,0
47,27.0,122.0,79.0,108.0,4,1,moderate,0
46,41.8,,78.0,83.0,0,0,low,1
44,29.6,85.0,73.0,66.0,0,0,low,1
54,33.9,160.0,75.0,112.0,5,1,moderate,1
48,22.6,122.0,95.0,80.0,0,0,moderate,0
29,27.5,101.0,83.0,96.0,0,1,low,0
52,24.7,124.0,78.0,86.0,0,0,low,0
38,34.6,143.0,81.0,46.0,0,0,moderate,0
27,33.4,151.0,76.0,175.0,2,0,moderate,0
55,36.3,120.0,83.0,146.0,5,1,moderate,0
30,22.5,74.0,69.0,93.0,0,1,high,0
40,32.3,77.0,103.0,80.0,0,1,low,0
49,29.1,75.0,78.0,111.0,0,1,moderate,0
44,16.0,94.0,110.0,147.0,5,1,low,0
37,31.8,111.0,103.0,210.0,5,0,low,0
32,36.8,115.0,,55.0,0,0,moderate,0
35,38.4,140.0,79.0,131.0,0,0,high,0
31,28.8,,80.0,70.0,0,0,low,0
43,34.0,111.0,87.0,30.0,4,1,moderate,1
38,32.3,123.0,78.0,117.0,1,1,moderate,0
27,24.4,55.0,90.0,165.0,0,0,moderate,0
41,23.6,123.0,55.0,126.0,0,0,moderate,0
37,28.7,184.0,69.0,67.0,0,0,high,0
48,27.6,134.0,74.0,91.0,0,0,low,0
50,29.5,122.0,68.0,108.0,0,1,moderate,0
62,26.5,109.0,55.0,101.0,8,1,high,0
53,30.3,120.0,87.0,145.0,4,0,low,0
31,22.6,150.0,63.0,124.0,0,0,moderate,0
18,38.1,96.0,68.0,54.0,3,0,moderate,0
25,18.1,139.0,85.0,75.0,0,0,low,0
38,28.5,123.0,91.0,56.0,3,0,moderate,0
24,27.8,151.0,69.0,81.0,0,0,high,0
37,28.2,139.0,64.0,26.0,0,0,moderate,1
45,23.9,117.0,66.0,213.0,5,0,low,0
38,19.9,114.0,,48.0,2,0,high,0
49,30.4,105.0,90.0,56.0,0,0,low,0
37,27.8,136.0,,77.0,3,0,low,0
35,31.3,94.0,79.0,35.0,0,0,low,0
67,19.1,121.0,60.0,61.0,7,1,high,0
45,39.3,107.0,82.0,81.0,0,0,low,0
46,28.5,76.0,85.0,183.0,6,1,high,0
56,16.0,121.0,78.0,80.0,0,0,high,0
56,30.1,74.0,78.0,59.0,0,1,low,0
40,26.2,,64.0,40.0,0,0,moderate,0
59,22.2,134.0,90.0,239.0,0,1,moderate,0
39,36.4,115.0,60.0,77.0,0,0,moderate,0
58,34.6,119.0,76.0,77.0,1,1,moderate,0
29,31.1,85.0,81.0,35.0,2,0,low,0
41,29.5,139.0,90.0,98.0,0,1,low,1
48,32.0,89.0,89.0,53.0,0,1,low,0
50,19.5,132.0,90.0,166.0,0,1,low,0
34,30.2,144.0,72.0,95.0,8,0,moderate,0
24,36.4,65.0,104.0,79.0,3,0,low,0
51,35.2,103.0,89.0,36.0,0,0,moderate,0
42,22.7,98.0,72.0,70.0,0,0,moderate,0
40,30.1,118.0,73.0,66.0,0,0,moderate,0
67,22.3,92.0,85.0,79.0,0,1,high,0
41,29.9,80.0,70.0,25.0,0,0,moderate,0
38,24.5,109.0,61.0,45.0,1,0,moderate,0
22,23.8,91.0,77.0,56.0,2,0,low,0
31,31.1,105.0,49.0,97.0,8,0,moderate,0
56,24.6,139.0,80.0,25.0,0,1,high,0
36,24.2,66.0,84.0,158.0,5,1,low,0
53,31.1,111.0,73.0,146.0,0,0,moderate,0
28,20.1,92.0,90.0,43.0,0,0,low,0
34,27.1,110.0,86.0,287.0,6,0,moderate,1
33,19.8,93.0,64.0,84.0,0,0,moderate,0
51,20.9,82.0,77.0,69.0,0,0,high,0
42,36.0,122.0,70.0,102.0,6,0,moderate,0
31,26.5,183.0,72.0,93.0,0,0,moderate,0
54,24.7,112.0,90.0,79.0,0,0,low,0
51,34.1,94.0,84.0,41.0,0,0,low,1
49,38.7,93.0,67.0,58.0,6,1,moderate,0
49,30.5,138.0,79.0,90.0,0,1,high,0
34,35.1,86.0,67.0,117.0,0,0,moderate,0
61,25.7,151.0,70.0,163.0,0,0,low,0
44,29.3,68.0,94.0,57.0,0,0,high,0
48,29.0,118.0,107.0,77.0,0,0,high,1
50,30.9,131.0,97.0,51.0,8,0,moderate,0
33,34.8,130.0,79.0,135.0,6,0,moderate,0
70,20.2,137.0,78.0,62.0,3,1,low,0
45,23.7,119.0,88.0,53.0,0,0,high,0
45,26.1,143.0,77.0,,6,0,low,0
40,23.2,84.0,59.0,29.0,7,1,high,0
60,30.4,98.0,98.0,99.0,0,1,moderate,0
60,30.3,105.0,62.0,62.0,0,1,moderate,0
47,29.4,153.0,90.0,338.0,8,1,low,0
26,26.6,120.0,85.0,52.0,1,1,moderate,0
43,37.1,130.0,98.0,64.0,0,0,moderate,0
44,30.3,107.0,86.0,129.0,2,1,moderate,0
39,28.1,133.0,69.0,113.0,0,1,moderate,0
32,29.4,67.0,89.0,130.0,7,0,high,0
25,33.5,96.0,72.0,63.0,7,0,moderate,0
64,30.3,111.0,64.0,39.0,0,1,low,0
55,23.8,102.0,54.0,320.0,0,0,moderate,0
45,39.6,103.0,75.0,98.0,5,1,high,0
37,31.8,125.0,56.0,83.0,0,0,low,0
50,22.1,120.0,93.0,115.0,0,0,low,0
48,18.1,145.0,57.0,36.0,3,0,low,0
40,33.1,55.0,71.0,57.0,8,1,moderate,0
50,36.8,153.0,72.0,42.0,0,1,moderate,0
52,31.7,96.0,78.0,81.0,2,1,low,0
54,32.7,150.0,66.0,35.0,6,0,low,0
33,32.8,98.0,90.0,107.0,0,1,low,0
51,29.0,123.0,78.0,141.0,0,0,moderate,0
60,18.9,87.0,76.0,138.0,0,0,moderate,0
49,24.8,80.0,68.0,94.0,0,0,moderate,0
74,33.8,135.0,83.0,82.0,0,0,moderate,0
43,32.5,55.0,93.0,59.0,0,1,high,0
23,27.8,74.0,108.0,94.0,0,0,low,0
34,25.7,130.0,,69.0,0,1,moderate,0
36,30.0,99.0,74.0,26.0,0,1,low,0
52,26.9,90.0,53.0,52.0,0,0,moderate,0
56,28.5,156.0,84.0,114.0,7,0,high,0
47,29.8,163.0,60.0,40.0,7,1,high,0
49,24.3,113.0,79.0,39.0,4,1,moderate,0
70,33.8,153.0,91.0,66.0,0,1,low,1
34,28.0,150.0,71.0,22.0,0,1,low,0
44,31.9,111.0,65.0,110.0,7,1,moderate,0
39,29.4,97.0,92.0,105.0,3,1,moderate,1
30,38.3,111.0,85.0,124.0,6,0,moderate,0
19,32.3,66.0,62.0,83.0,0,1,low,0
62,31.4,132.0,78.0,46.0,0,1,low,1
35,31.2,101.0,66.0,37.0,0,0,moderate,0
42,41.5,113.0,89.0,100.0,8,0,moderate,0
51,28.7,115.0,77.0,109.0,7,1,moderate,0
30,30.0,85.0,94.0,40.0,0,0,moderate,0
34,29.6,108.0,65.0,37.0,0,1,moderate,0
45,17.2,,79.0,73.0,0,0,moderate,0
39,29.6,97.0,,79.0,6,0,high,0
28,35.1,78.0,79.0,123.0,0,0,moderate,0
53,32.1,90.0,69.0,106.0,0,0,high,0
39,38.1,55.0,49.0,71.0,0,0,low,0
47,33.7,101.0,84.0,130.0,2,0,low,0
46,32.0,125.0,77.0,61.0,0,0,moderate,0
58,34.3,120.0,66.0,62.0,0,0,moderate,0
50,31.2,143.0,70.0,118.0,0,0,moderate,0
34,27.3,,62.0,125.0,1,0,moderate,0
60,28.2,103.0,54.0,127.0,0,1,low,0
39,16.0,135.0,88.0,67.0,3,0,low,0
34,,107.0,83.0,77.0,8,0,low,0
32,27.8,114.0,60.0,46.0,0,0,low,0
18,22.7,162.0,106.0,121.0,2,1,moderate,0
37,26.8,103.0,62.0,53.0,0,1,moderate,0
50,39.5,100.0,85.0,25.0,2,1,moderate,0
27,29.4,81.0,76.0,58.0,0,1,moderate,0
67,30.5,110.0,61.0,46.0,0,1,high,0
18,41.5,133.0,80.0,17.0,0,0,moderate,0
35,34.0,125.0,74.0,54.0,2,0,low,1
26,27.3,146.0,68.0,113.0,0,1,moderate,0
57,18.8,125.0,92.0,93.0,8,0,moderate,0
53,32.8,55.0,83.0,92.0,0,0,moderate,0
42,24.9,128.0,85.0,161.0,8,1,moderate,1
27,33.0,110.0,73.0,54.0,0,0,high,0
29,28.7,108.0,80.0,39.0,0,0,moderate,0
48,31.5,146.0,76.0,97.0,0,1,low,0
36,34.4,102.0,82.0,90.0,2,1,moderate,0
38,18.6,126.0,64.0,37.0,0,0,moderate,0
44,29.8,83.0,48.0,67.0,0,0,moderate,0
40,28.9,70.0,92.0,99.0,4,1,low,0
22,30.7,90.0,76.0,86.0,0,1,moderate,0
28,32.0,99.0,83.0,110.0,7,0,moderate,0
28,29.9,123.0,68.0,51.0,6,1,moderate,0
36,25.1,80.0,73.0,34.0,0,1,moderate,0
46,22.2,153.0,94.0,45.0,0,1,moderate,0
46,19.5,86.0,80.0,119.0,0,0,high,0
60,29.7,113.0,102.0,130.0,2,1,low,1
27,32.2,108.0,87.0,,5,1,moderate,0
49,26.9,121.0,68.0,169.0,0,0,moderate,0
35,34.0,122.0,,67.0,0,1,moderate,0
71,28.3,180.0,96.0,56.0,0,1,moderate,1
44,28.5,95.0,79.0,34.0,0,0,low,0
38,20.4,,84.0,71.0,0,1,moderate,0
49,26.3,111.0,93.0,132.0,8,1,high,0
48,34.5,139.0,48.0,,0,0,high,0
40,37.4,123.0,84.0,133.0,0,1,moderate,0
53,27.9,120.0,92.0,97.0,0,0,moderate,0
65,34.2,77.0,67.0,177.0,6,0,high,0
57,37.5,103.0,89.0,43.0,0,0,high,0
43,23.4,85.0,76.0,141.0,8,1,low,0
68,30.9,106.0,56.0,86.0,1,1,moderate,0
51,30.1,91.0,85.0,83.0,5,0,high,0
31,35.5,95.0,76.0,,0,0,high,0
46,24.0,101.0,75.0,89.0,8,0,high,0
42,30.9,101.0,84.0,139.0,0,0,high,0
38,27.5,102.0,65.0,23.0,0,0,low,0
49,31.5,88.0,85.0,114.0,3,0,moderate,0
21,36.3,107.0,65.0,21.0,8,1,low,0
66,37.9,93.0,94.0,34.0,0,1,moderate,0
53,36.4,98.0,90.0,70.0,6,0,low,0
21,23.1,105.0,94.0,176.0,5,0,moderate,0
53,26.2,55.0,82.0,69.0,2,1,moderate,0
51,35.0,181.0,71.0,95.0,8,1,moderate,1
64,32.6,131.0,67.0,45.0,0,0,low,1
67,27.4,126.0,67.0,66.0,0,1,high,0
70,23.5,104.0,74.0,72.0,0,0,low,0
41,16.0,114.0,68.0,181.0,0,0,moderate,0
52,19.4,81.0,80.0,49.0,2,1,high,0
39,27.2,124.0,66.0,51.0,8,0,high,0
58,27.3,70.0,69.0,133.0,0,1,moderate,0
18,31.5,71.0,71.0,64.0,5,1,low,0
28,32.6,89.0,67.0,78.0,0,1,low,0
39,42.6,151.0,72.0,94.0,8,0,moderate,1
44,24.4,82.0,83.0,52.0,0,0,low,0
47,17.3,122.0,65.0,24.0,5,1,low,0
62,23.4,61.0,62.0,133.0,0,0,moderate,0
37,39.1,111.0,74.0,79.0,0,1,low,0
28,29.1,155.0,62.0,37.0,0,1,high,0
40,35.1,124.0,92.0,113.0,3,0,moderate,0
37,25.6,55.0,68.0,223.0,0,0,high,0
52,26.0,115.0,77.0,142.0,0,0,moderate,0
65,18.7,104.0,81.0,231.0,4,1,high,0
64,27.0,150.0,61.0,38.0,2,0,high,0
59,29.1,113.0,66.0,85.0,6,1,moderate,1
38,34.2,71.0,68.0,90.0,8,1,low,0
43,32.4,108.0,85.0,69.0,0,0,low,0
51,40.9,95.0,98.0,62.0,4,0,high,0
35,28.1,55.0,98.0,14.0,0,0,moderate,0
36,30.5,105.0,91.0,187.0,8,0,low,0
50,28.9,113.0,61.0,30.0,8,0,moderate,0
27,24.8,118.0,65.0,121.0,1,0,high,0
59,31.5,143.0,93.0,74.0,8,0,high,0
40,27.3,103.0,94.0,72.0,1,1,low,0
52,39.0,73.0,86.0,,3,1,moderate,0
48,24.3,90.0,86.0,82.0,0,1,high,0
61,27.0,115.0,71.0,,0,0,moderate,0
18,21.5,138.0,97.0,,4,0,moderate,0
61,31.0,116.0,67.0,69.0,6,0,high,0
61,21.0,112.0,,38.0,5,0,high,0
49,29.0,107.0,86.0,37.0,0,0,moderate,0
52,22.0,,69.0,131.0,0,0,moderate,0
53,23.1,166.0,60.0,,8,0,high,1
33,24.4,107.0,87.0,42.0,1,1,moderate,0
46,33.4,105.0,54.0,49.0,0,0,low,0
57,28.4,116.0,81.0,70.0,0,1,moderate,0
22,28.3,88.0,,36.0,0,1,moderate,0
51,32.4,71.0,95.0,72.0,0,0,high,0
46,,65.0,81.0,147.0,2,0,moderate,0
53,17.2,94.0,89.0,69.0,0,1,low,0
28,22.4,140.0,63.0,,0,0,low,0
35,27.3,141.0,56.0,119.0,0,1,high,0
27,28.7,77.0,72.0,136.0,7,1,moderate,0
27,32.4,103.0,83.0,140.0,6,0,low,0
56,28.1,118.0,77.0,,6,0,moderate,0
37,35.1,90.0,90.0,266.0,3,1,low,0
36,31.2,145.0,83.0,110.0,0,0,low,1
59,20.6,136.0,63.0,382.0,8,1,low,0
41,16.0,121.0,82.0,155.0,0,0,moderate,0
58,23.0,117.0,78.0,142.0,0,1,moderate,1
31,29.8,66.0,91.0,52.0,0,1,low,0
40,31.2,147.0,65.0,44.0,2,1,moderate,0
33,28.4,125.0,68.0,79.0,0,1,moderate,0
52,29.7,125.0,81.0,66.0,0,0,low,0
42,36.9,91.0,93.0,55.0,0,1,low,0
55,29.1,97.0,74.0,69.0,1,0,moderate,0
47,31.1,126.0,83.0,66.0,0,1,moderate,0
20,38.6,136.0,76.0,52.0,0,1,moderate,0
42,18.1,158.0,75.0,106.0,0,0,moderate,0
25,39.3,87.0,90.0,49.0,0,0,high,0
50,,109.0,77.0,72.0,7,1,low,0
52,24.0,57.0,71.0,38.0,0,0,moderate,0
54,25.6,55.0,70.0,78.0,0,0,low,0
43,19.2,126.0,72.0,82.0,4,0,low,0
24,28.0,84.0,68.0,43.0,3,1,moderate,0
48,28.7,59.0,73.0,77.0,4,0,moderate,0
50,33.4,82.0,77.0,70.0,0,0,high,0
43,33.2,121.0,79.0,57.0,0,0,moderate,0
46,30.0,123.0,64.0,57.0,3,0,moderate,0
20,35.7,62.0,71.0,94.0,0,0,low,0
46,32.9,146.0,72.0,75.0,0,0,high,0
44,27.1,93.0,67.0,125.0,5,0,moderate,0
29,29.7,115.0,69.0,,0,1,high,0
52,25.2,115.0,87.0,66.0,2,0,moderate,0
39,21.6,110.0,92.0,53.0,8,0,low,0
48,31.6,87.0,72.0,76.0,7,1,moderate,0
51,20.0,113.0,67.0,85.0,8,1,high,0
49,27.9,120.0,,,7,0,low,0
28,16.0,102.0,77.0,102.0,5,0,low,0
40,29.4,113.0,84.0,242.0,4,1,moderate,0
73,24.6,149.0,71.0,81.0,0,0,moderate,0
63,32.4,104.0,69.0,46.0,0,1,low,0
56,27.7,132.0,105.0,63.0,3,0,low,0
49,28.2,107.0,60.0,62.0,0,0,low,1
32,29.3,147.0,87.0,51.0,0,0,moderate,0
43,25.3,74.0,94.0,110.0,0,1,high,0
40,25.6,146.0,73.0,27.0,0,0,moderate,1
44,25.6,97.0,81.0,86.0,8,1,moderate,0
26,28.2,164.0,56.0,150.0,7,0,low,0
57,25.7,127.0,76.0,145.0,0,0,high,0
18,31.7,128.0,90.0,129.0,0,0,high,0
56,18.4,110.0,77.0,51.0,7,1,moderate,0
56,20.0,133.0,76.0,164.0,0,1,moderate,0
75,40.3,138.0,97.0,90.0,0,0,high,0
42,26.4,107.0,86.0,161.0,0,0,moderate,0
38,22.9,131.0,84.0,134.0,0,1,low,0
47,28.8,55.0,66.0,88.0,4,0,low,0
52,33.6,96.0,47.0,,0,0,low,0
44,32.8,112.0,80.0,,7,0,moderate,0
30,24.5,122.0,76.0,28.0,5,0,moderate,0
52,25.9,140.0,85.0,67.0,0,1,low,0
45,27.0,105.0,77.0,34.0,0,0,moderate,0
32,30.9,98.0,77.0,79.0,0,0,moderate,0
24,,130.0,76.0,90.0,3,1,moderate,0
77,23.5,151.0,63.0,52.0,0,1,moderate,0
56,25.9,135.0,,54.0,4,0,high,1
52,27.4,110.0,65.0,36.0,6,0,low,0
44,37.9,181.0,63.0,94.0,0,0,high,0
54,27.9,116.0,75.0,57.0,6,0,low,0
31,48.9,114.0,56.0,93.0,0,0,moderate,0
48,27.4,157.0,70.0,55.0,0,0,moderate,0
48,18.9,,99.0,84.0,0,0,moderate,0
32,31.1,128.0,75.0,111.0,3,1,high,0
44,35.3,87.0,77.0,96.0,0,0,moderate,0
40,31.9,114.0,76.0,83.0,3,1,low,0
35,30.2,123.0,79.0,70.0,7,1,moderate,1
38,26.7,163.0,70.0,96.0,0,1,moderate,0
23,27.3,186.0,74.0,,0,0,moderate,0
59,16.0,99.0,69.0,66.0,0,0,low,0
65,34.2,140.0,58.0,89.0,0,0,high,0
33,26.7,87.0,90.0,,0,0,low,0
59,35.9,112.0,65.0,53.0,3,0,high,0
45,25.8,89.0,95.0,45.0,0,0,high,0
45,28.7,157.0,67.0,86.0,6,1,high,0
28,36.5,114.0,60.0,143.0,8,1,moderate,0
38,37.0,118.0,99.0,115.0,0,0,high,0
52,34.0,115.0,58.0,75.0,7,1,low,0
32,17.8,119.0,49.0,145.0,0,0,moderate,0
35,21.3,121.0,59.0,27.0,0,1,moderate,0
38,33.2,92.0,74.0,129.0,3,0,moderate,0
18,24.8,60.0,60.0,62.0,3,0,moderate,0
49,29.4,,69.0,104.0,8,0,moderate,0
53,30.2,71.0,52.0,128.0,0,1,low,0
50,30.5,119.0,89.0,82.0,0,0,high,1
57,22.7,93.0,81.0,77.0,1,0,moderate,0
39,35.1,137.0,61.0,59.0,6,0,moderate,0
69,,124.0,48.0,187.0,4,1,high,1
34,,60.0,65.0,89.0,0,0,high,0
42,27.8,100.0,84.0,83.0,0,0,moderate,0
41,40.5,55.0,89.0,169.0,0,0,high,0
47,37.7,82.0,73.0,56.0,6,0,moderate,0
42,41.8,98.0,70.0,,0,0,low,0
44,38.9,86.0,69.0,123.0,7,0,moderate,0
36,28.2,,80.0,196.0,7,0,low,1
39,25.8,,87.0,76.0,1,0,moderate,0
18,22.2,96.0,74.0,91.0,7,1,low,0
55,30.6,153.0,72.0,31.0,0,0,moderate,0
32,29.1,82.0,85.0,149.0,0,0,moderate,0
39,28.7,102.0,94.0,41.0,4,0,low,0
31,24.0,132.0,73.0,55.0,0,1,moderate,1
52,31.2,84.0,77.0,82.0,1,0,low,0
38,26.7,129.0,67.0,,0,0,high,0
18,26.1,113.0,77.0,,0,1,low,0
49,30.0,129.0,65.0,37.0,6,0,moderate,0
35,28.5,158.0,93.0,78.0,0,1,moderate,0
45,20.4,124.0,87.0,168.0,0,0,moderate,0
56,24.3,118.0,97.0,161.0,5,0,low,0
32,32.2,68.0,69.0,91.0,5,1,high,0
44,28.7,117.0,101.0,80.0,0,0,low,0
35,17.3,97.0,79.0,114.0,0,0,moderate,0
58,33.2,112.0,74.0,153.0,4,1,moderate,0
46,28.7,99.0,91.0,79.0,5,1,low,0
45,22.6,125.0,64.0,80.0,0,0,moderate,0
29,25.0,81.0,76.0,82.0,6,1,low,0
55,30.0,120.0,74.0,128.0,0,0,moderate,0
56,16.0,87.0,81.0,35.0,0,0,low,0
35,31.5,61.0,71.0,74.0,2,0,moderate,0
47,34.9,103.0,70.0,92.0,0,1,moderate,0
53,34.3,127.0,71.0,26.0,7,0,high,0
74,35.9,98.0,73.0,122.0,6,1,moderate,0
50,24.3,117.0,77.0,133.0,0,0,moderate,0
45,35.2,102.0,91.0,25.0,0,0,moderate,0
43,30.6,84.0,50.0,59.0,6,1,low,0
44,24.0,127.0,85.0,60.0,8,0,moderate,0
55,31.8,97.0,70.0,45.0,0,0,moderate,0
34,31.6,119.0,74.0,49.0,0,0,low,0
57,38.2,76.0,63.0,,0,0,moderate,0
25,36.2,111.0,77.0,103.0,0,0,moderate,0
54,24.9,131.0,71.0,146.0,0,0,low,0
57,31.0,124.0,73.0,100.0,0,0,moderate,0
55,31.0,139.0,83.0,45.0,0,1,moderate,0
49,30.5,130.0,84.0,114.0,7,0,high,0
50,27.2,121.0,93.0,,0,1,moderate,0
40,39.5,134.0,69.0,15.0,0,0,low,0
30,25.3,98.0,84.0,146.0,5,0,moderate,0
48,39.0,127.0,84.0,79.0,2,0,moderate,0
46,20.5,113.0,77.0,81.0,0,0,high,0
57,26.7,165.0,96.0,28.0,8,0,moderate,0
43,33.6,119.0,68.0,179.0,0,0,low,0
47,22.7,78.0,78.0,89.0,2,0,moderate,0
49,24.6,120.0,80.0,113.0,0,0,low,0
52,32.2,88.0,62.0,36.0,0,1,moderate,0
57,18.6,135.0,91.0,98.0,0,1,moderate,0
33,35.6,129.0,75.0,,0,0,moderate,0
54,37.9,98.0,81.0,68.0,8,0,moderate,0
43,38.1,83.0,95.0,36.0,1,1,low,0
53,31.0,118.0,79.0,71.0,4,0,low,0
64,26.4,92.0,76.0,44.0,0,0,moderate,0
18,26.8,83.0,77.0,,5,0,moderate,0
61,30.7,102.0,64.0,139.0,0,1,high,0
43,29.8,128.0,71.0,77.0,6,0,low,0
34,26.7,69.0,74.0,70.0,0,0,moderate,1
39,38.5,90.0,77.0,39.0,0,1,low,0
32,27.5,174.0,93.0,72.0,0,1,high,0
52,37.6,167.0,87.0,68.0,4,0,moderate,0
32,29.6,141.0,69.0,43.0,0,0,low,0
61,29.2,117.0,76.0,134.0,6,1,moderate,0
54,32.1,135.0,93.0,130.0,0,0,high,1
48,32.0,102.0,55.0,48.0,0,0,low,0
19,28.1,55.0,73.0,92.0,2,1,low,0
28,32.4,92.0,60.0,27.0,8,1,moderate,0
44,33.1,99.0,105.0,88.0,0,0,low,0
45,38.9,113.0,85.0,113.0,5,0,low,0
57,29.4,128.0,70.0,40.0,8,0,low,0
18,24.3,150.0,76.0,74.0,0,1,low,0
35,24.9,110.0,66.0,79.0,0,1,moderate,0
56,43.2,88.0,100.0,361.0,0,0,high,0
41,17.7,106.0,48.0,305.0,0,1,low,0
39,21.9,128.0,80.0,88.0,0,0,high,0
24,29.2,104.0,75.0,51.0,1,0,moderate,0
59,25.3,94.0,64.0,84.0,8,0,low,0
39,33.9,125.0,73.0,137.0,0,1,moderate,0
59,33.4,85.0,57.0,29.0,0,0,moderate,0
64,25.8,93.0,95.0,23.0,0,1,low,0
62,38.0,127.0,76.0,39.0,0,1,moderate,0
45,22.4,91.0,87.0,112.0,7,1,moderate,0
39,24.6,101.0,70.0,116.0,0,0,moderate,0
38,38.4,111.0,92.0,94.0,0,0,moderate,0
71,21.2,117.0,76.0,,1,0,low,0
42,31.1,85.0,89.0,67.0,0,0,moderate,0
59,38.4,124.0,,63.0,1,1,high,0
51,16.0,89.0,76.0,91.0,0,0,moderate,0
40,27.0,155.0,88.0,189.0,3,0,moderate,0
42,34.7,100.0,126.0,92.0,0,0,moderate,0
60,27.4,132.0,62.0,70.0,2,0,moderate,0
45,29.4,132.0,75.0,92.0,0,0,moderate,0
39,30.1,101.0,60.0,161.0,0,0,low,0
35,30.9,83.0,81.0,60.0,0,0,low,0
49,24.2,133.0,79.0,,0,0,low,0
38,33.6,72.0,99.0,57.0,0,0,high,0
53,30.5,80.0,73.0,115.0,0,0,low,0
78,22.1,137.0,87.0,48.0,0,1,high,1
52,26.2,108.0,51.0,105.0,7,1,low,0
68,20.5,99.0,78.0,33.0,4,0,moderate,0
36,30.3,96.0,66.0,64.0,3,0,moderate,0
54,31.9,93.0,83.0,,5,0,moderate,0
61,30.3,175.0,90.0,197.0,0,0,low,1
63,32.3,144.0,69.0,126.0,0,1,moderate,0
62,29.8,94.0,82.0,61.0,5,0,high,0
45,33.6,104.0,72.0,55.0,0,1,high,0
57,28.2,131.0,77.0,51.0,2,1,high,0
32,33.2,82.0,81.0,40.0,0,0,high,0
66,21.3,102.0,64.0,179.0,0,1,low,1
33,20.6,101.0,64.0,49.0,3,0,low,0
61,29.5,92.0,86.0,190.0,0,0,moderate,0
59,33.1,145.0,68.0,,5,0,low,0
58,27.3,96.0,91.0,70.0,0,0,high,0
72,32.8,116.0,55.0,78.0,0,1,moderate,0
59,30.9,119.0,87.0,143.0,3,1,low,1
28,16.7,151.0,76.0,46.0,4,0,high,0
53,42.9,112.0,75.0,97.0,0,1,low,0
20,21.4,163.0,78.0,72.0,0,1,moderate,0
44,23.3,102.0,59.0,92.0,0,1,moderate,0
40,35.9,105.0,89.0,66.0,0,1,high,0
53,29.1,139.0,71.0,60.0,0,0,moderate,0
34,24.4,161.0,66.0,98.0,3,1,moderate,0
35,26.2,102.0,102.0,34.0,0,0,low,0
52,23.7,147.0,72.0,,0,0,moderate,0
60,24.2,139.0,66.0,78.0,6,0,moderate,1
45,33.7,91.0,86.0,54.0,5,1,low,0
75,26.0,119.0,79.0,90.0,0,0,moderate,0
41,22.6,110.0,88.0,50.0,5,0,moderate,0
54,24.4,86.0,77.0,,8,0,low,0
49,28.1,117.0,87.0,77.0,0,0,low,0
41,24.5,113.0,101.0,147.0,1,1,low,0
62,27.2,126.0,67.0,86.0,0,0,moderate,0
33,31.1,111.0,70.0,40.0,4,0,high,0
18,26.1,87.0,57.0,101.0,8,1,low,0
43,23.8,178.0,81.0,110.0,6,1,moderate,0
42,24.8,117.0,78.0,30.0,5,1,high,1
59,37.4,151.0,91.0,,0,1,moderate,0
29,42.0,120.0,76.0,223.0,3,0,high,0
52,29.3,154.0,75.0,61.0,6,1,low,0
50,33.3,92.0,78.0,62.0,0,0,moderate,0
49,23.4,111.0,73.0,72.0,0,0,moderate,0
59,25.5,103.0,80.0,52.0,0,0,low,0
45,31.7,97.0,79.0,28.0,0,1,moderate,0
46,16.0,119.0,82.0,40.0,0,0,moderate,0
51,33.6,107.0,73.0,52.0,7,1,low,0
44,25.6,73.0,83.0,56.0,0,1,moderate,0
27,22.5,99.0,83.0,48.0,0,0,moderate,0
40,31.3,100.0,72.0,32.0,2,0,moderate,0
42,37.7,135.0,75.0,54.0,6,0,moderate,1
38,27.1,71.0,74.0,136.0,1,0,high,0
41,30.8,97.0,61.0,51.0,4,0,high,0
47,31.7,92.0,70.0,67.0,7,0,moderate,0
41,30.4,131.0,85.0,,4,0,moderate,0
56,23.0,100.0,86.0,50.0,0,0,moderate,0
56,30.3,143.0,80.0,396.0,8,0,moderate,0
18,30.1,104.0,64.0,120.0,0,1,low,0
26,16.0,120.0,88.0,77.0,6,0,moderate,0
18,34.1,135.0,98.0,64.0,1,1,low,0
41,20.0,79.0,83.0,154.0,6,0,low,0
41,29.8,104.0,76.0,50.0,8,0,low,0
47,38.1,124.0,66.0,58.0,5,1,low,1
56,27.5,120.0,76.0,178.0,1,0,low,1
44,22.7,77.0,70.0,60.0,0,0,moderate,0
37,32.4,129.0,74.0,57.0,0,0,low,0
45,37.4,113.0,91.0,51.0,3,0,high,0
39,22.3,114.0,87.0,25.0,8,0,low,0
26,16.0,101.0,72.0,129.0,0,0,high,0
57,36.1,55.0,,72.0,0,1,moderate,0
51,34.1,128.0,76.0,133.0,0,1,moderate,0
64,31.3,133.0,71.0,67.0,6,0,low,1
29,18.2,97.0,60.0,58.0,7,0,high,0
24,32.6,67.0,86.0,51.0,0,0,low,0
33,35.2,95.0,90.0,107.0,0,0,low,0
50,41.9,140.0,69.0,47.0,0,0,low,0
56,27.3,104.0,68.0,91.0,0,0,moderate,1
49,30.0,114.0,87.0,75.0,0,0,low,0
47,16.1,103.0,68.0,42.0,8,1,high,0
56,34.8,123.0,59.0,58.0,7,0,moderate,0
39,34.7,75.0,71.0,74.0,0,1,high,0
59,31.4,110.0,92.0,,0,0,moderate,0
71,36.1,148.0,70.0,209.0,3,0,low,0
31,24.3,84.0,68.0,84.0,0,0,moderate,0
42,27.7,104.0,70.0,66.0,0,1,low,0
27,27.9,136.0,62.0,60.0,0,1,high,0
32,35.6,129.0,60.0,,4,0,moderate,1
50,35.7,125.0,73.0,53.0,0,0,low,0
23,30.9,117.0,59.0,47.0,5,1,moderate,0
35,,120.0,71.0,102.0,2,0,moderate,0
59,32.3,109.0,79.0,172.0,0,0,high,0
48,27.0,143.0,81.0,58.0,7,0,moderate,1
55,37.2,102.0,74.0,93.0,7,0,moderate,0
28,26.3,81.0,62.0,51.0,1,0,moderate,0
46,31.6,75.0,71.0,78.0,0,0,low,0
70,25.4,102.0,80.0,36.0,0,1,moderate,0
36,34.7,93.0,83.0,46.0,1,1,moderate,0
39,28.4,91.0,73.0,45.0,0,0,high,0
53,41.4,82.0,68.0,68.0,7,0,moderate,0
33,28.2,119.0,77.0,39.0,5,0,high,0
54,34.6,89.0,72.0,,2,1,moderate,0
22,25.2,121.0,64.0,35.0,4,1,moderate,0
18,27.2,125.0,80.0,67.0,6,1,low,0
49,28.7,182.0,76.0,,3,0,moderate,0
32,31.1,96.0,63.0,54.0,0,0,low,0
38,24.5,106.0,68.0,85.0,0,1,moderate,0
56,25.6,95.0,74.0,47.0,0,0,moderate,0
53,29.5,82.0,58.0,71.0,0,1,moderate,0
29,31.4,97.0,67.0,239.0,0,0,high,0
52,28.8,93.0,84.0,60.0,7,1,moderate,0
41,27.9,79.0,70.0,66.0,7,0,moderate,0
50,21.0,120.0,66.0,91.0,0,0,moderate,0
45,32.0,83.0,89.0,47.0,2,0,low,0
25,,122.0,80.0,53.0,1,0,low,0
36,34.8,133.0,84.0,70.0,8,0,low,1
18,29.9,82.0,67.0,82.0,4,0,high,0
47,25.4,150.0,73.0,,5,0,low,1
50,27.1,124.0,76.0,100.0,5,0,high,0
36,,108.0,79.0,173.0,0,0,low,0
43,28.9,63.0,103.0,26.0,0,0,moderate,0
32,23.9,62.0,77.0,91.0,0,0,moderate,0
61,18.9,158.0,89.0,70.0,7,0,moderate,1
28,,143.0,103.0,63.0,8,0,moderate,1
41,27.3,154.0,97.0,88.0,6,0,moderate,0
28,30.9,158.0,78.0,157.0,2,0,low,0
48,26.5,150.0,90.0,85.0,0,0,low,0
58,27.5,122.0,78.0,125.0,0,1,moderate,0
18,29.7,120.0,76.0,72.0,7,0,moderate,0
54,38.4,96.0,86.0,90.0,8,0,high,0
66,28.0,124.0,87.0,55.0,0,0,low,0
47,19.7,133.0,82.0,75.0,0,1,moderate,0
36,24.9,130.0,74.0,63.0,6,1,moderate,0
45,39.8,109.0,70.0,78.0,0,0,moderate,0
38,37.6,55.0,,30.0,0,0,moderate,0
71,34.6,78.0,78.0,40.0,0,1,low,0
56,33.2,128.0,,142.0,8,0,low,1
57,33.3,101.0,86.0,159.0,0,0,low,0
73,27.6,137.0,,28.0,5,0,moderate,1
62,34.2,83.0,77.0,54.0,0,0,low,0
43,34.4,148.0,74.0,49.0,0,1,low,0
45,34.1,87.0,75.0,85.0,0,0,moderate,0
76,25.4,160.0,91.0,70.0,0,0,moderate,0
35,27.1,68.0,91.0,107.0,5,1,moderate,0
43,25.1,128.0,88.0,35.0,4,0,high,0
32,35.0,84.0,77.0,89.0,6,0,moderate,0
21,30.8,106.0,74.0,61.0,2,1,low,0
34,31.4,138.0,90.0,49.0,0,1,low,0
34,32.5,134.0,97.0,94.0,0,1,low,1
37,20.5,88.0,95.0,64.0,0,0,low,0
53,34.3,97.0,82.0,70.0,0,1,high,0
45,25.8,70.0,76.0,154.0,0,0,low,0
58,26.3,67.0,84.0,77.0,0,0,low,0
47,24.0,90.0,85.0,215.0,0,0,low,0
47,29.5,,71.0,20.0,0,0,low,0
41,28.6,70.0,74.0,73.0,0,0,moderate,0
70,20.7,113.0,113.0,40.0,0,0,high,0
39,18.3,110.0,71.0,44.0,0,0,low,0
57,27.8,115.0,86.0,51.0,0,0,moderate,0
30,33.9,87.0,70.0,122.0,0,1,low,0
42,33.3,96.0,75.0,59.0,7,1,moderate,0
71,35.0,110.0,65.0,39.0,6,0,high,1
54,27.8,136.0,65.0,106.0,0,1,low,1
27,26.9,89.0,83.0,38.0,0,0,moderate,0
32,28.3,63.0,82.0,185.0,0,0,moderate,0
66,33.8,109.0,98.0,36.0,0,1,low,0
46,38.7,100.0,76.0,63.0,0,0,low,0
41,26.2,67.0,78.0,212.0,0,1,low,0
35,27.4,99.0,75.0,62.0,0,1,moderate,0
41,29.2,87.0,64.0,93.0,0,0,low,0
63,27.4,114.0,83.0,69.0,5,1,moderate,1
36,25.5,121.0,74.0,74.0,0,1,low,1
37,,96.0,59.0,47.0,0,0,moderate,0
53,24.3,128.0,89.0,,5,0,low,0
31,33.4,100.0,69.0,153.0,0,0,low,0
33,37.8,102.0,80.0,25.0,0,0,low,0
45,27.3,104.0,80.0,44.0,0,0,moderate,0
45,39.0,107.0,79.0,54.0,3,0,low,0
34,28.4,72.0,64.0,45.0,8,0,moderate,0
51,24.8,64.0,93.0,105.0,5,0,moderate,0
48,33.1,143.0,67.0,,3,1,low,0
19,23.5,111.0,47.0,77.0,6,0,low,0
55,32.7,,86.0,167.0,0,0,high,0
38,30.5,139.0,86.0,27.0,5,1,low,0
55,26.6,192.0,62.0,88.0,8,0,moderate,1
72,25.9,78.0,76.0,69.0,0,0,moderate,0
44,23.8,111.0,89.0,,0,1,moderate,0
37,35.2,128.0,93.0,45.0,0,0,moderate,0
63,27.7,72.0,83.0,60.0,0,1,low,1
34,30.9,68.0,86.0,73.0,7,0,moderate,0
70,28.9,144.0,85.0,67.0,5,1,high,0
39,27.7,109.0,74.0,108.0,0,1,moderate,0
37,31.0,91.0,63.0,40.0,0,1,low,0
76,32.1,75.0,73.0,34.0,0,0,moderate,0
50,29.8,122.0,89.0,24.0,0,0,moderate,0
66,27.9,79.0,89.0,80.0,0,0,moderate,0
45,22.5,84.0,78.0,112.0,3,0,moderate,0
44,25.4,86.0,72.0,39.0,5,0,moderate,0
18,27.2,96.0,97.0,37.0,0,1,moderate,0
58,29.1,86.0,77.0,208.0,0,0,moderate,0
50,18.6,88.0,84.0,149.0,7,1,high,0
44,32.7,137.0,62.0,153.0,7,0,high,0
53,30.9,119.0,75.0,89.0,7,0,high,0
45,25.5,112.0,89.0,109.0,0,1,high,0
33,23.5,121.0,60.0,63.0,0,0,low,0
50,24.9,85.0,76.0,34.0,0,0,moderate,0
43,21.1,121.0,81.0,35.0,0,1,moderate,0
55,27.0,126.0,93.0,74.0,0,0,moderate,0
41,27.9,83.0,88.0,123.0,8,0,moderate,0
39,34.5,127.0,96.0,67.0,4,1,high,0
38,31.8,117.0,86.0,103.0,5,0,moderate,0
34,36.5,116.0,87.0,70.0,0,0,moderate,0
38,29.7,155.0,65.0,87.0,0,0,high,0
51,23.5,117.0,64.0,113.0,0,0,moderate,0
35,39.4,85.0,96.0,153.0,0,0,low,0
30,27.1,112.0,71.0,86.0,0,1,moderate,0
55,19.7,115.0,69.0,214.0,0,0,high,0
43,30.3,82.0,48.0,65.0,0,0,moderate,0
55,19.5,60.0,89.0,153.0,0,1,low,0
42,28.5,109.0,63.0,102.0,7,1,low,0
38,26.1,136.0,66.0,27.0,0,0,moderate,0
22,32.1,132.0,89.0,160.0,3,0,moderate,0
30,34.7,116.0,49.0,44.0,4,0,high,0
34,27.1,152.0,92.0,,0,0,low,0
49,26.6,118.0,66.0,119.0,0,0,high,0
44,33.5,106.0,74.0,,5,1,high,0
32,24.4,114.0,67.0,71.0,0,0,moderate,0
18,29.4,85.0,60.0,106.0,0,0,moderate,0
51,32.2,79.0,67.0,47.0,0,0,low,0
56,24.3,88.0,66.0,65.0,5,0,low,0
58,27.2,102.0,61.0,61.0,0,1,low,0
32,29.6,132.0,95.0,125.0,0,1,low,0
58,37.0,76.0,64.0,175.0,3,0,low,0
52,21.7,87.0,53.0,40.0,0,1,moderate,0
52,28.1,135.0,51.0,77.0,4,0,low,0
37,37.1,100.0,81.0,55.0,8,1,high,0
43,34.8,106.0,55.0,75.0,5,0,high,0
69,27.3,108.0,74.0,195.0,0,0,low,0
67,28.6,170.0,100.0,91.0,3,0,high,1
44,31.8,127.0,78.0,54.0,0,1,moderate,0
47,31.9,119.0,80.0,35.0,0,1,high,0
18,37.3,111.0,70.0,128.0,1,0,moderate,0
61,35.8,127.0,76.0,57.0,0,0,low,0
55,20.7,164.0,73.0,48.0,3,0,moderate,1
49,19.4,103.0,80.0,87.0,1,1,moderate,0
37,25.7,115.0,96.0,101.0,6,0,high,0
46,17.9,113.0,71.0,60.0,0,0,moderate,0
64,36.9,141.0,67.0,44.0,0,0,moderate,0
50,20.0,159.0,75.0,156.0,1,0,moderate,0
79,27.2,105.0,88.0,107.0,0,1,high,0
56,23.8,127.0,72.0,127.0,0,0,moderate,0
33,19.5,114.0,79.0,61.0,0,0,moderate,0
40,36.1,73.0,82.0,47.0,0,0,low,0
36,25.5,136.0,102.0,55.0,0,0,high,0
56,40.4,157.0,87.0,32.0,8,0,high,0
60,37.4,138.0,66.0,61.0,5,0,moderate,0
67,29.0,100.0,50.0,51.0,0,0,high,0
41,16.4,74.0,78.0,71.0,0,1,moderate,0
51,27.0,131.0,68.0,76.0,0,1,moderate,0
62,42.7,87.0,70.0,77.0,0,1,high,0
65,31.6,91.0,64.0,53.0,0,0,moderate,0
29,28.0,114.0,70.0,38.0,0,0,moderate,0
53,25.3,134.0,70.0,33.0,0,0,high,0
29,34.3,99.0,75.0,,5,0,high,0
37,31.2,104.0,68.0,79.0,0,0,moderate,0
28,30.7,105.0,67.0,34.0,5,1,low,0
37,35.8,85.0,82.0,162.0,0,1,moderate,0
26,35.5,97.0,76.0,117.0,3,0,low,0
30,31.6,65.0,76.0,42.0,5,0,moderate,0
33,19.5,129.0,75.0,85.0,0,1,moderate,0
49,23.1,188.0,65.0,68.0,2,0,high,0
45,25.3,114.0,93.0,85.0,5,0,moderate,1
24,28.8,139.0,100.0,81.0,6,1,moderate,0
81,38.0,114.0,91.0,107.0,0,0,moderate,0
39,41.3,74.0,55.0,166.0,8,0,moderate,0
28,31.4,169.0,68.0,87.0,0,0,moderate,0
53,32.3,91.0,84.0,99.0,0,0,low,0
45,19.9,138.0,67.0,165.0,8,0,moderate,0
34,26.5,115.0,68.0,55.0,1,1,low,0
50,25.7,145.0,60.0,44.0,7,0,high,1
36,25.2,108.0,72.0,107.0,0,0,low,0
41,32.5,80.0,66.0,38.0,0,0,high,0
64,26.3,99.0,47.0,47.0,0,1,low,0
47,,176.0,90.0,169.0,4,0,moderate,0
53,34.1,123.0,81.0,29.0,2,0,moderate,0
38,36.2,169.0,60.0,87.0,0,0,moderate,1
47,30.7,103.0,86.0,33.0,0,1,moderate,0
35,28.0,129.0,78.0,92.0,8,1,moderate,0
34,23.6,75.0,90.0,202.0,0,0,moderate,0
40,24.0,112.0,85.0,42.0,0,0,moderate,0
36,35.4,170.0,67.0,23.0,1,0,moderate,0
58,24.5,94.0,84.0,90.0,0,0,moderate,0
53,41.1,95.0,85.0,52.0,7,0,moderate,0
18,34.7,128.0,89.0,67.0,2,0,moderate,0
67,31.0,121.0,88.0,90.0,0,0,low,0
53,45.3,165.0,101.0,100.0,0,1,moderate,0
60,36.7,109.0,87.0,101.0,8,0,moderate,1
43,26.4,113.0,67.0,73.0,0,1,low,0
26,22.9,116.0,78.0,94.0,3,0,low,0
28,26.5,79.0,63.0,66.0,0,1,low,0
67,28.4,82.0,91.0,62.0,2,1,high,0
24,24.4,69.0,66.0,73.0,1,0,moderate,0
26,22.3,55.0,103.0,101.0,0,0,low,0
39,30.4,108.0,72.0,52.0,4,0,high,0
27,34.3,72.0,75.0,83.0,2,1,moderate,1
52,40.1,99.0,70.0,57.0,0,1,moderate,0
53,29.5,142.0,67.0,49.0,8,0,high,0
50,32.6,88.0,70.0,131.0,0,0,moderate,0
37,17.9,129.0,79.0,90.0,0,1,moderate,0
49,34.2,70.0,76.0,91.0,4,0,moderate,0
68,22.9,99.0,71.0,44.0,4,1,low,0
26,30.8,154.0,80.0,64.0,3,1,moderate,0
60,28.7,104.0,69.0,103.0,8,0,moderate,0
56,27.5,150.0,76.0,90.0,0,0,low,0
44,20.1,175.0,97.0,302.0,0,1,moderate,1
47,24.5,101.0,69.0,83.0,0,0,moderate,0
50,23.3,95.0,72.0,51.0,0,0,low,0
32,25.4,55.0,62.0,58.0,0,1,high,0
24,36.1,115.0,72.0,46.0,1,0,low,0
57,26.9,125.0,80.0,52.0,0,0,high,0
29,25.0,129.0,70.0,78.0,3,1,moderate,0
31,32.9,146.0,62.0,57.0,2,1,low,0
38,31.0,83.0,80.0,154.0,0,0,low,0
49,41.2,164.0,82.0,120.0,0,0,moderate,1
39,35.1,103.0,83.0,119.0,0,0,low,0
36,17.1,120.0,61.0,64.0,0,0,moderate,0
57,33.8,113.0,92.0,,0,1,moderate,0
41,33.1,90.0,70.0,129.0,0,1,low,0
35,39.0,77.0,64.0,177.0,2,0,moderate,0
50,27.8,119.0,88.0,55.0,0,0,low,0
46,35.6,86.0,92.0,74.0,0,0,moderate,0
45,26.9,106.0,72.0,49.0,0,0,moderate,0
51,30.7,102.0,66.0,315.0,0,1,moderate,0
43,22.7,102.0,81.0,,0,1,moderate,0
56,20.8,66.0,60.0,149.0,0,1,moderate,0
26,34.2,55.0,107.0,80.0,7,1,high,0
61,29.0,139.0,64.0,120.0,3,1,moderate,0
33,21.3,139.0,80.0,73.0,2,0,high,0
24,33.9,55.0,74.0,122.0,8,1,low,0
35,16.0,121.0,65.0,86.0,0,0,moderate,0
40,24.1,117.0,65.0,188.0,1,1,high,0
35,19.0,74.0,90.0,87.0,0,0,high,0
32,,133.0,80.0,50.0,0,0,high,0
58,26.4,146.0,68.0,98.0,0,0,moderate,1
34,29.5,138.0,69.0,74.0,7,1,moderate,0
18,30.8,152.0,66.0,43.0,3,1,low,0
40,,138.0,87.0,91.0,8,0,low,1
72,33.2,96.0,87.0,52.0,5,0,moderate,0
31,33.8,109.0,82.0,65.0,0,0,low,0
33,27.4,119.0,79.0,75.0,7,1,low,0
40,34.1,152.0,84.0,24.0,0,0,low,0
65,25.1,110.0,56.0,58.0,0,0,moderate,1
40,26.6,94.0,79.0,122.0,0,0,high,0
32,19.8,64.0,89.0,66.0,0,0,moderate,0
50,39.1,137.0,,26.0,3,0,high,1
49,23.0,119.0,77.0,70.0,1,1,high,0
51,37.5,90.0,68.0,96.0,2,0,low,0
31,32.2,129.0,69.0,63.0,6,0,high,0
38,30.2,101.0,70.0,64.0,0,0,low,0
60,31.2,80.0,79.0,58.0,2,0,low,0
50,22.6,149.0,70.0,104.0,0,0,moderate,0
56,38.6,59.0,54.0,47.0,0,0,moderate,0
44,26.8,116.0,86.0,100.0,2,0,moderate,0
59,35.1,113.0,82.0,64.0,4,0,low,0
49,25.7,69.0,80.0,147.0,7,0,moderate,0
38,20.4,119.0,65.0,,0,0,high,0
55,40.9,96.0,70.0,40.0,7,0,moderate,0
34,25.4,155.0,82.0,,0,1,low,1
65,31.8,144.0,76.0,97.0,0,0,high,0
58,16.0,121.0,68.0,92.0,0,0,moderate,0
41,28.6,55.0,92.0,117.0,0,1,high,0
43,32.6,96.0,66.0,42.0,0,1,low,0
47,29.9,95.0,40.0,48.0,0,0,high,0
43,28.4,144.0,77.0,152.0,0,0,low,0
62,27.7,121.0,78.0,94.0,0,0,moderate,0
38,34.2,119.0,77.0,57.0,0,1,high,0
25,21.2,134.0,81.0,28.0,1,1,moderate,0
42,27.6,155.0,69.0,37.0,0,1,moderate,0
55,37.6,154.0,88.0,44.0,0,0,moderate,0
58,20.1,130.0,60.0,54.0,5,1,moderate,1
46,28.4,105.0,76.0,87.0,0,0,low,0
37,22.4,122.0,68.0,35.0,2,1,moderate,0
44,30.8,111.0,88.0,55.0,5,0,moderate,0
36,29.2,131.0,66.0,37.0,0,0,low,0
18,23.3,90.0,77.0,58.0,0,0,low,0
34,29.1,134.0,77.0,274.0,0,0,low,0
52,29.4,115.0,78.0,,0,1,moderate,0
41,25.3,121.0,67.0,101.0,0,0,low,0
41,26.5,79.0,80.0,55.0,0,0,low,0
59,25.1,108.0,76.0,41.0,0,0,moderate,0
32,16.0,121.0,80.0,70.0,0,0,moderate,0
34,34.6,104.0,95.0,31.0,0,0,low,0
49,36.2,55.0,77.0,,0,0,low,0
36,18.5,76.0,64.0,66.0,3,1,moderate,0
36,36.2,119.0,100.0,,6,0,moderate,0
65,31.4,158.0,88.0,30.0,4,0,high,0
31,22.4,102.0,84.0,76.0,0,1,high,0
35,27.7,96.0,74.0,65.0,0,1,moderate,0
51,24.8,142.0,85.0,44.0,0,1,low,0
44,34.5,112.0,51.0,83.0,1,1,low,0
27,23.5,128.0,95.0,59.0,0,0,moderate,0
68,41.7,110.0,87.0,87.0,5,1,moderate,1
35,36.0,99.0,74.0,104.0,2,0,low,0
42,21.7,133.0,86.0,41.0,0,0,moderate,0
51,38.8,132.0,83.0,78.0,0,1,moderate,0
73,33.4,110.0,64.0,77.0,0,1,low,0
40,,80.0,78.0,146.0,8,1,low,0
33,33.1,64.0,81.0,117.0,0,0,moderate,0
51,34.5,72.0,74.0,61.0,0,1,moderate,0
72,24.5,102.0,73.0,58.0,0,1,moderate,0
47,34.0,121.0,87.0,,3,0,high,0
41,26.4,66.0,78.0,,5,0,low,0
50,33.9,70.0,99.0,43.0,0,0,moderate,0
18,28.2,115.0,68.0,57.0,0,0,moderate,0
37,23.0,152.0,81.0,20.0,0,0,moderate,0
21,32.8,135.0,65.0,43.0,0,1,high,1
40,26.7,61.0,84.0,61.0,0,0,low,0
38,29.9,121.0,63.0,336.0,7,1,high,1
18,31.5,131.0,79.0,52.0,4,0,low,0
47,37.8,99.0,90.0,106.0,5,0,low,0
53,26.4,108.0,77.0,66.0,0,1,high,0
42,23.9,120.0,64.0,94.0,0,1,low,0
25,38.9,120.0,87.0,,0,0,moderate,0
61,29.0,126.0,80.0,,8,1,moderate,1
70,25.7,138.0,75.0,157.0,0,1,moderate,0
50,31.2,119.0,64.0,35.0,0,0,low,0
40,26.9,94.0,57.0,167.0,6,0,moderate,0
41,27.4,99.0,103.0,60.0,4,0,high,0
51,44.4,92.0,69.0,47.0,0,0,low,0
46,23.1,100.0,64.0,55.0,6,0,moderate,0
51,20.4,129.0,80.0,178.0,1,0,low,0
51,36.4,93.0,64.0,50.0,5,0,low,0
35,26.7,138.0,82.0,60.0,8,1,moderate,0
34,30.9,83.0,92.0,126.0,0,0,low,0
41,32.8,116.0,63.0,96.0,7,0,high,0
51,18.5,136.0,72.0,231.0,0,1,moderate,0
25,35.8,119.0,81.0,140.0,0,0,moderate,0
42,25.6,61.0,61.0,50.0,6,0,moderate,0
45,40.4,116.0,65.0,151.0,8,0,high,0
39,24.2,91.0,75.0,26.0,5,0,low,0
63,38.4,81.0,100.0,113.0,0,1,moderate,0
61,39.5,122.0,66.0,51.0,5,1,low,1
50,26.1,80.0,73.0,102.0,4,1,high,0
68,27.9,124.0,106.0,217.0,0,1,high,0
56,27.1,154.0,86.0,29.0,8,0,high,0
47,,121.0,56.0,122.0,6,0,low,0
39,30.1,104.0,73.0,117.0,3,1,low,0
40,32.2,106.0,83.0,106.0,8,0,high,0
50,28.1,138.0,93.0,43.0,3,0,moderate,0
40,31.8,102.0,,70.0,0,1,moderate,0
25,32.2,94.0,83.0,,0,0,moderate,0
40,25.4,86.0,85.0,93.0,2,0,low,0
58,39.6,91.0,60.0,36.0,0,0,moderate,1
18,27.8,129.0,68.0,58.0,8,0,moderate,0
63,35.2,103.0,60.0,104.0,0,0,high,0
52,21.4,129.0,88.0,49.0,4,0,moderate,0
42,33.1,128.0,81.0,59.0,7,0,high,0
49,35.4,87.0,77.0,45.0,6,1,low,0
57,30.6,,95.0,85.0,2,0,moderate,0
45,35.5,128.0,82.0,68.0,0,0,high,0
57,24.8,119.0,90.0,49.0,0,1,moderate,0
56,31.8,110.0,85.0,52.0,5,0,moderate,0
47,19.9,125.0,86.0,80.0,1,0,low,0
31,29.9,136.0,63.0,41.0,0,1,low,0
44,24.2,111.0,88.0,72.0,0,0,moderate,0
18,28.6,90.0,82.0,75.0,7,0,moderate,0
51,37.3,117.0,71.0,80.0,0,0,high,0
40,39.4,89.0,84.0,55.0,0,0,moderate,0
37,21.3,114.0,91.0,103.0,0,1,moderate,0
54,36.5,114.0,75.0,125.0,0,0,moderate,0
28,37.4,86.0,67.0,105.0,0,0,moderate,0
46,30.9,101.0,68.0,83.0,5,0,moderate,0
41,37.1,102.0,59.0,34.0,7,0,moderate,0
43,26.5,131.0,74.0,185.0,0,1,moderate,0
49,25.9,89.0,83.0,76.0,0,0,low,0
69,25.9,96.0,97.0,87.0,7,0,high,0
50,33.3,103.0,66.0,50.0,3,1,low,0
63,28.4,132.0,80.0,65.0,0,0,low,1
63,24.7,136.0,76.0,141.0,3,1,high,1
55,25.0,122.0,76.0,113.0,0,1,moderate,0
21,29.0,125.0,58.0,62.0,8,0,high,1
42,23.9,143.0,64.0,171.0,2,0,moderate,0
31,33.0,113.0,98.0,42.0,0,0,moderate,0
82,36.2,100.0,88.0,29.0,0,0,moderate,0
32,34.8,107.0,79.0,26.0,0,0,moderate,0
26,46.5,70.0,,114.0,0,0,high,0
18,31.5,116.0,85.0,50.0,0,1,moderate,0
32,39.2,95.0,71.0,68.0,0,1,moderate,0
47,30.1,116.0,71.0,135.0,0,0,high,0
59,27.3,113.0,69.0,88.0,5,0,moderate,0
31,29.7,98.0,78.0,38.0,6,0,low,0
60,30.0,122.0,62.0,180.0,0,1,low,0
44,28.3,108.0,68.0,63.0,5,0,moderate,0
39,22.5,93.0,82.0,71.0,6,1,moderate,0
47,23.1,83.0,72.0,50.0,3,0,high,0
63,35.8,126.0,55.0,40.0,3,1,moderate,0
46,34.0,80.0,71.0,84.0,4,0,moderate,0
31,39.7,157.0,83.0,33.0,0,0,low,1
51,26.6,148.0,77.0,70.0,5,0,moderate,0
50,26.1,70.0,56.0,176.0,0,1,moderate,0
43,22.1,128.0,88.0,111.0,7,0,moderate,0
58,35.3,146.0,73.0,,2,0,moderate,0
18,23.6,89.0,80.0,40.0,3,0,moderate,0
50,,123.0,89.0,71.0,1,1,moderate,0
55,30.9,111.0,75.0,48.0,3,0,moderate,0
26,19.6,126.0,53.0,163.0,8,0,moderate,0
26,33.7,95.0,97.0,57.0,0,0,low,0
58,35.1,143.0,50.0,48.0,0,0,low,0
60,30.7,112.0,72.0,,2,1,low,1
63,28.5,108.0,92.0,48.0,2,0,moderate,0
36,28.8,127.0,68.0,84.0,0,0,low,0
48,37.4,137.0,68.0,201.0,0,1,moderate,0
49,29.3,55.0,73.0,74.0,0,1,moderate,0
23,28.9,55.0,74.0,44.0,3,1,moderate,0
47,24.9,122.0,66.0,68.0,0,0,moderate,0
47,16.0,95.0,68.0,37.0,0,1,moderate,0
55,35.6,79.0,89.0,358.0,3,1,low,0
38,29.0,100.0,70.0,198.0,0,0,low,0
61,23.7,195.0,82.0,146.0,0,0,moderate,0
46,41.7,76.0,65.0,111.0,0,0,low,0
67,31.6,141.0,93.0,67.0,0,1,moderate,0
55,27.8,94.0,87.0,68.0,5,1,high,0
49,35.1,74.0,75.0,65.0,0,1,low,0
30,31.2,92.0,84.0,272.0,7,1,low,0
28,31.1,69.0,94.0,66.0,8,0,high,0
66,25.3,75.0,64.0,54.0,1,0,moderate,0
56,33.2,95.0,63.0,70.0,0,0,high,0
41,34.6,82.0,80.0,98.0,5,1,low,0
40,25.4,107.0,60.0,11.0,0,1,moderate,0
48,17.6,117.0,57.0,91.0,0,0,high,0
28,34.7,86.0,57.0,18.0,0,1,high,0
39,32.8,127.0,78.0,166.0,6,0,low,0
53,34.1,96.0,52.0,29.0,0,0,moderate,0
55,29.3,110.0,71.0,47.0,3,0,moderate,0
40,34.8,55.0,40.0,26.0,3,0,moderate,0
66,25.1,119.0,81.0,198.0,4,1,low,0
59,27.9,176.0,82.0,73.0,0,0,moderate,1
35,22.7,131.0,73.0,251.0,0,1,low,0
28,35.9,103.0,90.0,220.0,0,0,low,0
53,28.7,83.0,86.0,147.0,0,0,high,0
39,30.4,155.0,67.0,34.0,0,1,moderate,0
37,31.6,106.0,65.0,81.0,0,1,high,0
48,27.6,95.0,87.0,156.0,2,1,low,0
54,33.9,97.0,84.0,91.0,3,0,moderate,0
55,38.9,170.0,73.0,60.0,0,0,low,0
46,34.9,109.0,55.0,89.0,0,0,low,1
18,18.7,117.0,87.0,94.0,5,0,high,0
57,,110.0,77.0,33.0,8,0,low,0
35,29.9,108.0,75.0,54.0,3,0,moderate,0
49,36.5,102.0,42.0,106.0,4,0,high,0
43,25.7,150.0,82.0,119.0,4,0,low,0
74,22.8,120.0,75.0,84.0,8,0,high,0
72,34.0,81.0,70.0,59.0,6,0,low,0
39,28.9,121.0,66.0,66.0,4,0,low,0
28,25.3,105.0,77.0,49.0,5,1,moderate,0
29,27.4,118.0,82.0,70.0,0,0,low,0
49,20.5,104.0,71.0,,3,0,moderate,0
38,30.0,96.0,83.0,280.0,8,0,high,0
31,27.2,,62.0,,3,0,moderate,1
38,32.2,,68.0,148.0,0,1,moderate,0
51,27.8,63.0,84.0,91.0,0,1,moderate,0
44,29.2,114.0,71.0,31.0,0,0,moderate,0
39,26.3,96.0,97.0,70.0,4,0,moderate,0
40,27.5,86.0,79.0,67.0,2,1,moderate,0
43,22.2,55.0,62.0,74.0,6,0,low,0
48,35.2,122.0,57.0,131.0,0,0,moderate,0
49,28.7,100.0,85.0,218.0,0,0,moderate,0
24,17.1,92.0,69.0,150.0,2,0,low,0
47,19.5,145.0,87.0,83.0,0,1,moderate,0
40,35.2,99.0,70.0,88.0,0,0,low,0
32,28.7,96.0,79.0,231.0,3,0,low,0
40,28.9,75.0,72.0,41.0,0,0,low,0
60,29.0,91.0,79.0,146.0,0,0,low,0
56,31.9,154.0,85.0,39.0,0,1,low,0
46,38.2,129.0,76.0,32.0,0,0,low,0
33,31.7,144.0,84.0,104.0,8,0,moderate,1
27,30.8,85.0,56.0,30.0,3,0,low,0
33,25.6,119.0,81.0,59.0,0,0,moderate,0
45,19.7,140.0,76.0,157.0,0,0,moderate,0
45,31.8,128.0,73.0,45.0,0,0,moderate,0
37,32.3,153.0,47.0,198.0,0,0,low,0
56,35.6,126.0,56.0,21.0,8,0,high,0
50,39.3,113.0,79.0,131.0,0,0,low,0
18,22.0,55.0,80.0,34.0,0,0,moderate,0
46,25.3,124.0,81.0,66.0,0,0,high,0
55,33.0,131.0,76.0,83.0,0,1,moderate,0
48,29.0,144.0,62.0,63.0,0,0,high,0
53,37.7,93.0,64.0,64.0,0,0,moderate,0
42,27.8,110.0,51.0,33.0,8,0,low,0
44,41.0,,77.0,160.0,8,1,low,0
44,29.3,68.0,99.0,37.0,0,0,high,0
47,38.8,126.0,75.0,37.0,0,0,high,0
37,16.0,144.0,67.0,70.0,6,0,moderate,0
59,31.9,151.0,76.0,50.0,0,1,low,0
63,29.1,128.0,74.0,117.0,0,0,moderate,0
38,16.4,165.0,55.0,55.0,8,0,low,0
30,28.9,98.0,79.0,74.0,3,0,moderate,0
28,21.6,132.0,75.0,78.0,0,0,high,0
50,25.9,78.0,74.0,126.0,0,0,low,0
53,30.8,55.0,100.0,55.0,0,1,moderate,0
50,28.3,100.0,75.0,29.0,6,0,low,0
51,31.1,110.0,98.0,47.0,0,0,moderate,0
38,29.9,117.0,66.0,138.0,0,0,moderate,0
19,43.1,100.0,58.0,89.0,0,1,low,0
39,30.6,120.0,66.0,60.0,0,0,moderate,0
67,29.7,164.0,90.0,,6,0,high,0
48,31.5,133.0,67.0,64.0,6,0,high,0
51,28.8,,59.0,114.0,8,1,moderate,0
57,19.5,55.0,80.0,89.0,2,0,moderate,0
34,33.2,80.0,71.0,63.0,0,0,low,0
48,36.7,149.0,83.0,122.0,3,0,moderate,0
52,38.3,100.0,68.0,141.0,5,1,moderate,0
33,33.1,127.0,65.0,44.0,0,0,low,0
50,,131.0,96.0,45.0,3,1,low,0
62,30.6,115.0,66.0,276.0,0,1,low,0
40,39.7,108.0,66.0,104.0,0,0,moderate,0
23,27.7,89.0,82.0,185.0,4,1,high,0
47,21.8,173.0,43.0,120.0,0,1,high,0
36,42.3,84.0,85.0,95.0,4,0,high,0
47,22.9,143.0,97.0,23.0,6,0,moderate,1
34,19.6,132.0,86.0,38.0,0,0,moderate,0
46,30.9,129.0,64.0,105.0,7,0,high,0
61,31.5,113.0,67.0,45.0,0,1,low,0
45,31.7,72.0,77.0,68.0,0,0,moderate,0
24,34.3,76.0,80.0,122.0,0,0,high,0
50,28.0,92.0,95.0,79.0,0,0,moderate,0
45,28.1,122.0,95.0,92.0,0,1,moderate,0
48,25.6,137.0,73.0,158.0,0,1,moderate,0
58,29.8,124.0,70.0,167.0,2,0,high,0
38,32.3,117.0,67.0,71.0,4,0,low,1
41,34.4,139.0,84.0,149.0,0,1,moderate,0
32,23.6,55.0,89.0,43.0,0,0,high,0
48,21.5,55.0,77.0,83.0,5,0,high,0
47,34.3,71.0,76.0,101.0,0,0,moderate,0
42,25.8,136.0,101.0,70.0,3,1,low,0
55,23.1,60.0,84.0,65.0,7,1,high,0
32,17.9,108.0,51.0,40.0,7,0,high,0
47,37.4,88.0,76.0,72.0,0,0,low,0
53,30.7,118.0,78.0,30.0,0,1,moderate,0
38,32.3,106.0,73.0,68.0,6,1,high,0
27,31.6,114.0,91.0,76.0,0,0,moderate,0
23,30.3,96.0,72.0,111.0,2,1,low,0
47,28.9,132.0,64.0,39.0,0,1,high,0
67,28.6,157.0,67.0,89.0,1,0,moderate,0
37,23.1,144.0,84.0,101.0,5,0,moderate,1
51,18.4,104.0,60.0,73.0,0,1,moderate,0
18,42.5,82.0,70.0,94.0,1,0,moderate,0
50,29.2,119.0,86.0,85.0,4,0,high,0
31,26.4,162.0,60.0,18.0,5,0,moderate,0
40,24.2,109.0,64.0,44.0,0,0,moderate,0
46,35.3,135.0,56.0,239.0,6,0,moderate,0
23,29.9,128.0,65.0,106.0,2,0,moderate,0
85,23.8,143.0,70.0,,8,1,moderate,0
37,27.2,144.0,73.0,90.0,4,0,low,0
53,30.9,78.0,65.0,109.0,0,1,low,0
64,26.7,91.0,71.0,172.0,5,1,moderate,0
49,33.9,114.0,88.0,59.0,0,0,low,0
29,41.7,141.0,80.0,53.0,3,1,high,0
46,26.5,145.0,102.0,56.0,0,1,moderate,0
21,,105.0,68.0,54.0,0,0,moderate,0
41,24.0,138.0,,53.0,5,0,moderate,0
67,28.1,106.0,78.0,82.0,0,1,low,0
27,17.2,85.0,70.0,,0,0,high,0
34,35.6,73.0,76.0,71.0,0,0,moderate,0
69,21.0,114.0,53.0,206.0,0,0,moderate,0
43,24.2,102.0,72.0,44.0,1,0,low,0
33,29.5,136.0,87.0,89.0,0,0,high,0
50,37.3,128.0,99.0,39.0,0,1,moderate,0
39,23.9,112.0,93.0,123.0,0,0,high,0
18,27.9,107.0,78.0,136.0,0,1,high,0
27,30.8,96.0,82.0,46.0,0,0,low,0
72,25.0,71.0,80.0,50.0,0,1,moderate,0
49,,81.0,69.0,106.0,0,1,moderate,0
64,19.5,138.0,64.0,63.0,5,0,moderate,0
32,25.8,105.0,79.0,161.0,1,0,moderate,0
44,36.4,76.0,,38.0,0,1,low,0
43,33.9,148.0,86.0,133.0,0,1,moderate,0
38,26.3,156.0,47.0,252.0,3,0,moderate,0
48,22.9,145.0,74.0,91.0,7,1,low,1
31,27.7,120.0,91.0,52.0,1,0,moderate,0
61,20.2,124.0,83.0,48.0,0,1,low,0
51,27.8,113.0,64.0,67.0,8,1,high,0
43,26.5,116.0,60.0,107.0,0,1,low,0
47,26.3,129.0,75.0,32.0,0,0,moderate,0
41,28.2,130.0,85.0,62.0,0,0,low,0
23,32.2,119.0,82.0,79.0,0,0,high,0
32,22.8,55.0,77.0,173.0,3,0,moderate,0
43,34.7,143.0,84.0,205.0,0,0,low,0
40,35.8,116.0,79.0,69.0,6,0,low,0
53,42.2,77.0,83.0,40.0,0,0,moderate,0
52,30.8,119.0,87.0,80.0,0,0,high,0
38,37.8,118.0,71.0,,2,0,moderate,0
33,34.9,67.0,65.0,142.0,0,0,high,1
55,30.1,97.0,85.0,,7,0,moderate,0
47,,83.0,70.0,43.0,0,0,moderate,0
37,34.4,84.0,53.0,,0,0,low,0
30,30.4,124.0,93.0,61.0,3,0,low,0
36,39.7,93.0,79.0,,0,0,moderate,0
50,33.4,116.0,79.0,46.0,6,1,moderate,1
67,35.3,137.0,74.0,,0,0,moderate,0
42,25.5,100.0,86.0,103.0,0,1,moderate,0
34,30.5,130.0,61.0,,7,0,low,0
73,17.5,156.0,76.0,,0,0,high,0
40,32.3,134.0,79.0,116.0,0,1,low,1
35,36.3,126.0,83.0,27.0,0,0,low,0
40,37.4,134.0,55.0,,4,1,low,1
39,26.9,121.0,83.0,83.0,0,0,moderate,0
62,18.1,139.0,71.0,136.0,2,1,moderate,1
23,25.8,75.0,68.0,54.0,7,0,moderate,0
53,28.5,112.0,57.0,137.0,0,0,moderate,0
45,31.5,123.0,103.0,51.0,0,0,moderate,0
38,16.8,108.0,74.0,116.0,0,1,low,0
41,28.4,179.0,79.0,186.0,6,0,moderate,0
42,22.8,106.0,63.0,43.0,1,1,moderate,0
46,37.7,64.0,58.0,,3,0,low,0
39,16.0,112.0,86.0,99.0,5,0,low,0
44,35.1,134.0,60.0,37.0,0,0,low,0
35,28.0,86.0,92.0,93.0,0,1,moderate,0
73,16.7,118.0,98.0,54.0,0,1,low,0
58,39.1,113.0,67.0,46.0,2,0,high,0
51,37.1,112.0,70.0,58.0,0,0,low,0
39,36.5,94.0,45.0,56.0,2,0,high,0
56,29.6,144.0,55.0,114.0,0,1,low,0
49,25.0,172.0,84.0,74.0,0,0,low,0
47,29.4,90.0,91.0,263.0,8,0,moderate,0
38,32.3,75.0,67.0,55.0,0,0,low,0
49,25.7,101.0,68.0,96.0,3,1,high,0
67,23.9,155.0,57.0,,5,1,moderate,1
46,32.0,105.0,62.0,37.0,1,0,high,0
42,30.2,121.0,92.0,177.0,0,0,low,0
46,34.6,88.0,80.0,79.0,0,1,low,0
46,38.1,160.0,54.0,48.0,5,0,high,0
38,34.1,102.0,83.0,92.0,3,0,low,0
35,22.1,116.0,104.0,130.0,4,0,moderate,0
55,28.9,93.0,71.0,46.0,2,1,moderate,0
61,31.3,92.0,68.0,76.0,3,1,low,0
74,33.9,119.0,83.0,131.0,0,0,moderate,1
51,34.1,116.0,88.0,81.0,0,0,high,0
47,28.7,136.0,86.0,100.0,0,0,moderate,0
57,26.1,69.0,72.0,64.0,0,0,low,0
33,35.1,83.0,71.0,31.0,0,0,high,0
53,31.3,95.0,55.0,,0,0,high,0
59,30.7,119.0,61.0,54.0,2,0,moderate,0
58,24.8,85.0,80.0,,0,0,moderate,0
67,41.6,115.0,70.0,54.0,0,1,moderate,0
37,30.5,93.0,79.0,81.0,0,0,moderate,0
39,28.5,107.0,73.0,61.0,6,1,low,0
42,30.5,90.0,77.0,115.0,0,1,low,0
30,28.2,81.0,76.0,103.0,0,0,low,0
52,21.3,121.0,85.0,44.0,2,1,low,0
54,30.8,144.0,86.0,147.0,0,0,low,0
52,20.3,136.0,76.0,50.0,0,0,low,0
47,29.6,143.0,74.0,40.0,7,1,low,0
58,19.4,,76.0,132.0,1,0,moderate,0
52,16.1,109.0,67.0,,5,0,low,0
37,32.7,161.0,89.0,78.0,0,1,high,1
18,22.4,,69.0,36.0,8,0,moderate,0
41,31.6,85.0,74.0,60.0,7,0,high,0
46,30.0,94.0,78.0,69.0,6,0,low,0
46,29.9,116.0,80.0,59.0,0,0,low,0
43,25.2,135.0,79.0,56.0,5,1,moderate,0
38,28.2,104.0,74.0,75.0,8,0,moderate,0
34,25.1,83.0,96.0,127.0,8,1,moderate,0
32,34.7,130.0,77.0,44.0,7,1,high,0
51,26.1,83.0,73.0,18.0,0,1,moderate,0
59,27.5,124.0,98.0,,0,0,high,0
29,33.5,109.0,67.0,51.0,0,0,moderate,1
44,25.3,76.0,98.0,54.0,0,0,moderate,0
55,18.3,162.0,52.0,55.0,0,0,low,1
43,22.6,112.0,71.0,35.0,6,1,low,0
54,35.3,82.0,56.0,59.0,0,0,low,0
59,29.5,117.0,60.0,63.0,1,1,low,0
50,30.8,67.0,81.0,94.0,0,0,high,0
39,30.8,120.0,79.0,55.0,7,1,low,0
62,39.7,139.0,69.0,19.0,0,1,high,0
42,16.5,184.0,96.0,35.0,0,1,high,0
42,28.2,114.0,90.0,136.0,0,0,moderate,0
52,29.2,96.0,75.0,,6,0,moderate,0
41,28.9,117.0,54.0,100.0,0,1,high,0
42,33.8,150.0,88.0,50.0,3,1,moderate,0
40,33.9,124.0,70.0,115.0,0,0,high,0
43,27.7,134.0,80.0,78.0,0,0,moderate,0
48,18.9,133.0,86.0,33.0,2,0,moderate,0
19,44.1,119.0,71.0,39.0,7,0,moderate,0
44,29.0,74.0,91.0,32.0,0,0,low,0
22,29.5,67.0,71.0,122.0,5,0,moderate,0
40,36.6,68.0,82.0,37.0,0,0,low,0
49,26.6,81.0,85.0,60.0,8,0,moderate,0
41,36.8,82.0,87.0,71.0,0,0,high,0
54,27.2,164.0,97.0,83.0,3,0,low,0
50,40.0,94.0,66.0,57.0,3,0,moderate,1
18,31.7,108.0,62.0,31.0,0,0,moderate,0
61,24.9,109.0,72.0,38.0,2,0,low,0
48,42.1,118.0,113.0,41.0,7,0,low,1
38,32.6,112.0,92.0,,3,0,low,0
39,25.3,77.0,69.0,93.0,5,0,low,0
18,20.6,121.0,72.0,97.0,2,0,low,0
48,33.2,94.0,76.0,41.0,0,0,moderate,0
53,37.3,95.0,79.0,151.0,0,0,high,0
36,31.3,101.0,84.0,70.0,0,0,moderate,0
33,31.0,131.0,84.0,117.0,0,1,low,0
47,38.4,96.0,90.0,113.0,0,0,low,0
61,32.6,118.0,100.0,68.0,0,0,low,0
59,25.1,126.0,74.0,24.0,0,1,moderate,0
56,25.3,122.0,73.0,82.0,0,0,moderate,0
71,32.3,,72.0,98.0,0,0,low,0
57,32.0,77.0,73.0,51.0,0,0,moderate,0
60,35.5,119.0,80.0,81.0,2,0,low,0
46,31.2,88.0,84.0,73.0,1,0,moderate,0
40,33.1,63.0,97.0,44.0,4,1,low,0
60,31.1,103.0,67.0,70.0,4,1,high,0
32,34.8,95.0,80.0,56.0,3,1,moderate,0
51,33.5,193.0,66.0,,4,0,moderate,1
37,27.4,136.0,81.0,53.0,8,1,low,0
49,27.9,134.0,108.0,50.0,3,0,low,0
48,30.9,102.0,74.0,30.0,0,0,moderate,0
47,29.7,107.0,105.0,248.0,0,0,moderate,1
45,36.9,181.0,66.0,57.0,0,0,moderate,1
52,30.3,97.0,70.0,40.0,0,0,low,0
54,20.5,121.0,72.0,103.0,0,1,low,0
27,21.9,157.0,78.0,82.0,0,0,moderate,0
44,27.6,92.0,74.0,,7,0,high,0
40,33.3,115.0,85.0,106.0,0,1,moderate,0
48,24.6,112.0,43.0,135.0,1,0,high,0
40,32.9,87.0,64.0,41.0,0,0,high,0
62,24.4,137.0,99.0,80.0,0,0,low,0
44,30.0,82.0,59.0,31.0,0,0,high,0
58,31.5,136.0,72.0,62.0,1,0,moderate,1
33,22.1,121.0,83.0,107.0,0,0,low,1
41,31.4,135.0,75.0,45.0,2,1,moderate,0
37,38.7,105.0,66.0,251.0,2,1,moderate,0
50,27.8,124.0,81.0,74.0,1,0,low,0
30,29.5,136.0,86.0,27.0,0,0,low,0
23,30.5,68.0,69.0,109.0,5,1,moderate,0
37,29.5,77.0,81.0,250.0,0,0,low,0
52,29.1,129.0,,,6,0,high,0
34,28.7,131.0,89.0,109.0,0,0,high,0
48,19.6,116.0,80.0,43.0,3,1,moderate,0
37,31.7,135.0,97.0,72.0,3,0,moderate,0
22,22.6,96.0,77.0,36.0,0,0,high,0
56,31.3,149.0,64.0,118.0,0,0,low,0
53,33.2,112.0,73.0,62.0,8,0,high,0
44,31.4,91.0,91.0,140.0,7,1,moderate,0
46,23.7,151.0,65.0,,0,0,high,0
42,30.9,134.0,49.0,66.0,0,0,low,0
32,27.7,97.0,82.0,21.0,6,1,moderate,0
62,25.5,105.0,71.0,308.0,7,0,high,0
44,41.4,128.0,103.0,212.0,0,0,moderate,0
50,23.6,86.0,79.0,244.0,4,0,low,0
39,32.0,119.0,91.0,171.0,0,0,low,0
51,38.2,109.0,70.0,53.0,0,1,moderate,0
60,31.3,122.0,83.0,72.0,0,0,low,0
47,25.3,58.0,80.0,87.0,0,0,high,0
50,25.7,89.0,93.0,91.0,0,0,moderate,0
56,20.6,122.0,78.0,40.0,5,0,moderate,0
54,29.6,143.0,70.0,39.0,0,0,low,0
59,29.8,112.0,88.0,35.0,7,0,low,1
49,27.5,133.0,67.0,58.0,5,0,high,0
49,37.5,73.0,66.0,,0,1,moderate,0
48,28.8,101.0,75.0,57.0,0,0,moderate,0
56,19.7,122.0,72.0,85.0,0,0,high,0
39,38.1,109.0,76.0,34.0,2,0,low,0
52,22.1,134.0,68.0,46.0,0,0,low,0
75,32.3,113.0,89.0,49.0,4,1,moderate,0
50,33.1,107.0,89.0,116.0,7,0,moderate,0
29,28.8,126.0,86.0,82.0,2,1,low,0
41,34.9,96.0,85.0,89.0,0,0,moderate,0
53,29.7,89.0,54.0,44.0,7,0,moderate,0
36,27.1,122.0,77.0,75.0,0,0,low,0
32,16.7,83.0,86.0,48.0,0,0,moderate,0
27,18.9,146.0,92.0,49.0,3,0,low,0
42,45.8,62.0,74.0,90.0,6,0,moderate,0
66,33.7,109.0,92.0,52.0,7,1,moderate,0
38,36.8,154.0,80.0,70.0,6,0,moderate,1
56,44.4,168.0,45.0,64.0,4,1,moderate,1
41,27.1,109.0,75.0,39.0,8,1,moderate,0
40,28.4,141.0,66.0,,0,0,low,0
52,19.4,135.0,69.0,54.0,0,0,low,0
25,27.6,94.0,89.0,60.0,0,0,low,0
67,27.4,130.0,80.0,27.0,5,0,high,0
52,26.9,90.0,70.0,49.0,0,0,low,0
59,35.6,73.0,68.0,122.0,0,0,moderate,0
42,33.6,125.0,81.0,94.0,0,1,moderate,0
51,34.8,129.0,74.0,59.0,8,1,moderate,0
57,22.0,83.0,84.0,39.0,1,0,moderate,0
44,29.5,108.0,66.0,78.0,3,0,low,0
34,31.4,77.0,71.0,125.0,0,1,low,0
33,40.5,97.0,63.0,170.0,0,1,low,0
40,30.0,99.0,69.0,55.0,4,0,moderate,0
48,28.3,133.0,102.0,41.0,0,1,moderate,0
43,35.8,98.0,67.0,96.0,0,1,low,1
39,27.7,76.0,70.0,90.0,8,0,low,0
54,32.1,161.0,66.0,74.0,0,0,moderate,0
39,31.9,124.0,74.0,52.0,0,0,low,0
37,26.2,134.0,75.0,36.0,0,0,moderate,0
57,25.1,131.0,91.0,107.0,0,0,moderate,0
52,28.8,139.0,71.0,121.0,0,0,moderate,0
29,26.4,120.0,77.0,60.0,0,1,moderate,0
28,20.0,120.0,54.0,189.0,0,0,high,0
31,33.3,112.0,66.0,84.0,8,1,low,0
45,32.4,100.0,89.0,67.0,3,0,low,0
60,24.5,140.0,66.0,,0,0,moderate,0
64,24.0,110.0,85.0,29.0,8,0,moderate,1
55,31.9,118.0,65.0,56.0,3,0,moderate,0
70,39.5,128.0,74.0,90.0,0,0,high,0
48,35.1,125.0,97.0,266.0,0,0,moderate,0
59,36.2,88.0,85.0,76.0,0,1,moderate,0
38,27.2,116.0,53.0,102.0,1,1,low,0
25,31.5,79.0,115.0,47.0,8,0,moderate,0
41,28.2,116.0,64.0,83.0,2,0,moderate,0
43,24.6,,98.0,77.0,0,1,low,0
79,30.2,169.0,71.0,44.0,0,0,moderate,0
45,23.8,128.0,61.0,,0,0,low,1
32,24.5,132.0,71.0,68.0,7,0,moderate,0
58,26.3,86.0,68.0,135.0,0,0,low,0
35,27.0,124.0,69.0,74.0,0,0,moderate,0
47,28.8,82.0,77.0,61.0,0,1,low,0
56,16.6,147.0,82.0,,6,0,low,0
33,23.4,80.0,93.0,61.0,6,1,moderate,0
65,38.4,91.0,79.0,165.0,0,1,moderate,0
60,28.9,136.0,77.0,45.0,0,0,moderate,0
50,32.4,159.0,67.0,106.0,1,1,low,0
68,31.5,146.0,73.0,62.0,8,1,moderate,0
40,28.4,101.0,70.0,102.0,0,1,moderate,0
55,23.7,88.0,60.0,83.0,2,0,moderate,0
49,25.7,101.0,107.0,35.0,1,1,low,1
37,40.8,113.0,79.0,81.0,0,0,moderate,0
37,25.8,108.0,79.0,243.0,2,0,low,0
71,39.3,91.0,91.0,87.0,0,0,low,0
59,26.5,150.0,45.0,123.0,3,1,high,0
57,27.1,150.0,103.0,87.0,5,0,low,0
37,29.5,161.0,66.0,114.0,0,0,moderate,0
54,27.9,69.0,65.0,50.0,0,1,moderate,0
40,23.4,89.0,69.0,69.0,4,0,low,0
67,28.9,124.0,88.0,120.0,5,1,moderate,0
61,20.2,116.0,102.0,61.0,0,0,low,0
57,31.2,103.0,96.0,133.0,0,0,high,0
56,30.3,92.0,70.0,42.0,0,1,low,0
44,33.4,85.0,54.0,76.0,0,0,moderate,0
51,26.0,168.0,71.0,64.0,7,0,high,0
65,33.4,78.0,68.0,315.0,4,0,low,0
51,31.6,71.0,56.0,59.0,0,0,moderate,0
34,29.8,77.0,83.0,93.0,1,0,moderate,0
61,40.9,121.0,76.0,25.0,0,0,high,0
36,31.8,102.0,82.0,39.0,1,1,moderate,0
45,26.2,123.0,85.0,87.0,8,1,low,1
39,38.2,91.0,84.0,64.0,0,1,high,0
18,,108.0,75.0,64.0,3,0,moderate,0
47,39.7,115.0,96.0,62.0,6,0,moderate,0
73,17.9,162.0,70.0,,0,0,moderate,0
49,27.2,161.0,68.0,29.0,0,1,moderate,0
84,27.2,118.0,73.0,70.0,0,1,high,0
43,17.7,135.0,,65.0,8,0,moderate,0
48,30.0,117.0,84.0,132.0,0,0,moderate,0
44,26.8,133.0,72.0,117.0,0,1,high,1
46,17.0,123.0,72.0,16.0,0,0,moderate,0
50,24.4,133.0,92.0,49.0,0,1,moderate,0
65,37.3,140.0,60.0,199.0,0,0,low,0
34,34.5,121.0,109.0,121.0,0,1,low,0
45,24.7,116.0,72.0,97.0,6,1,moderate,0
53,24.6,142.0,74.0,56.0,0,1,high,0
62,34.2,113.0,80.0,,1,0,moderate,0
18,,90.0,82.0,32.0,0,1,moderate,0
27,32.6,66.0,68.0,54.0,0,1,low,0
46,18.0,124.0,80.0,89.0,4,1,low,0
60,38.9,134.0,65.0,103.0,0,0,low,0
39,33.0,64.0,69.0,83.0,0,0,low,0
54,17.9,98.0,57.0,92.0,0,0,low,0
71,26.7,139.0,78.0,81.0,0,0,low,1
45,30.9,108.0,74.0,62.0,0,1,moderate,0
42,17.1,113.0,52.0,154.0,4,1,moderate,0
51,28.7,138.0,68.0,204.0,0,1,moderate,0
47,31.9,110.0,76.0,,3,1,low,0
48,16.6,123.0,86.0,39.0,0,0,moderate,0
43,33.5,82.0,61.0,65.0,0,1,low,0
42,28.3,121.0,72.0,77.0,3,0,moderate,0
32,34.5,73.0,63.0,22.0,6,1,low,0
53,27.6,79.0,85.0,154.0,0,1,high,0
31,22.7,95.0,68.0,52.0,0,1,low,0
34,22.1,124.0,82.0,47.0,0,0,low,0
29,27.1,109.0,72.0,61.0,6,1,low,0
41,27.9,90.0,56.0,57.0,5,0,low,0
45,35.4,136.0,75.0,76.0,3,0,low,0
31,27.3,117.0,62.0,114.0,0,0,high,0
42,19.6,139.0,89.0,,0,0,low,0
47,26.3,88.0,98.0,114.0,8,0,moderate,0
25,19.9,146.0,84.0,44.0,6,1,moderate,0
35,31.1,152.0,68.0,69.0,7,1,moderate,1
68,32.5,142.0,76.0,78.0,0,0,moderate,0
36,33.5,123.0,79.0,87.0,0,1,low,1
54,27.2,128.0,89.0,96.0,8,1,low,1
38,24.8,119.0,74.0,77.0,6,1,moderate,0
48,25.9,76.0,81.0,,6,1,moderate,0
35,28.5,93.0,56.0,,1,1,moderate,0
20,25.9,103.0,79.0,69.0,0,0,moderate,0
39,38.7,83.0,66.0,125.0,0,0,high,0
51,26.8,152.0,77.0,115.0,0,0,moderate,1
54,28.4,128.0,64.0,164.0,0,0,low,0
47,24.5,161.0,81.0,83.0,5,0,high,0
35,24.6,131.0,84.0,163.0,0,0,low,0
57,21.4,77.0,73.0,62.0,0,1,high,0
36,22.8,145.0,66.0,89.0,0,0,moderate,0
36,40.2,98.0,83.0,112.0,6,1,moderate,0
32,32.3,146.0,95.0,42.0,2,0,high,0
40,27.0,151.0,99.0,59.0,0,0,moderate,0
41,25.1,147.0,81.0,51.0,8,1,low,0
49,36.4,142.0,79.0,71.0,1,0,moderate,0
27,24.0,119.0,60.0,55.0,6,0,moderate,0
39,18.8,110.0,92.0,78.0,0,0,moderate,0
35,31.9,160.0,,71.0,0,0,low,0
51,23.4,121.0,90.0,63.0,1,0,low,0
49,21.3,103.0,76.0,80.0,0,0,moderate,0
32,22.4,121.0,47.0,51.0,0,0,moderate,0
51,31.5,145.0,80.0,46.0,0,1,low,0
44,28.4,142.0,74.0,38.0,0,0,low,0
55,23.1,85.0,71.0,28.0,0,1,moderate,0
37,31.8,139.0,73.0,51.0,0,1,moderate,1
53,,133.0,76.0,99.0,0,0,low,0
56,19.2,105.0,76.0,66.0,6,0,low,0
46,21.2,90.0,58.0,74.0,4,0,moderate,0
72,29.1,157.0,81.0,59.0,0,0,high,0
51,24.3,155.0,71.0,213.0,5,0,low,0
68,29.6,160.0,95.0,81.0,0,0,high,0
78,35.7,85.0,86.0,54.0,4,0,high,0
23,25.2,101.0,88.0,41.0,0,0,moderate,0
60,45.0,117.0,98.0,189.0,6,1,high,0
52,30.7,154.0,85.0,34.0,0,0,moderate,1
48,27.9,135.0,74.0,48.0,0,1,moderate,0
36,21.0,104.0,45.0,,1,0,moderate,0
33,,113.0,79.0,72.0,8,0,low,1
31,27.5,128.0,97.0,90.0,0,0,moderate,0
74,33.6,139.0,87.0,77.0,0,1,high,1
51,25.4,159.0,70.0,60.0,8,1,moderate,1
27,,147.0,77.0,34.0,2,0,low,0
31,29.3,142.0,69.0,205.0,6,0,low,0
19,34.8,85.0,80.0,85.0,0,0,low,0
60,35.3,97.0,70.0,101.0,4,0,low,0
46,31.0,85.0,93.0,51.0,8,0,high,0
52,,125.0,77.0,63.0,7,0,low,0
45,35.7,99.0,79.0,,0,0,high,0
57,32.2,131.0,66.0,22.0,0,0,moderate,0
40,30.7,131.0,71.0,112.0,0,1,moderate,1
49,31.5,120.0,62.0,64.0,7,0,moderate,0
49,38.7,137.0,93.0,93.0,0,1,low,0
30,29.7,92.0,70.0,184.0,6,0,moderate,0
36,33.4,71.0,78.0,57.0,0,1,moderate,0
41,24.9,93.0,57.0,,5,1,low,0
49,,136.0,61.0,,0,0,high,0
63,31.7,167.0,73.0,74.0,3,0,low,0
47,26.9,153.0,72.0,183.0,6,0,moderate,0
44,28.6,107.0,79.0,60.0,1,0,low,0
49,27.7,140.0,100.0,173.0,0,0,low,0
43,29.0,75.0,52.0,21.0,0,1,moderate,0
45,30.3,155.0,88.0,56.0,2,1,low,1
65,27.8,132.0,82.0,130.0,4,0,moderate,0
42,19.5,134.0,69.0,124.0,8,0,low,0
48,39.6,62.0,71.0,,0,0,moderate,0
37,30.6,124.0,89.0,46.0,3,0,moderate,0
61,30.6,167.0,75.0,68.0,1,0,low,1
33,28.7,118.0,72.0,51.0,5,1,moderate,0
44,34.4,111.0,63.0,140.0,0,0,moderate,0
58,29.3,110.0,66.0,74.0,2,1,low,0
34,27.1,91.0,61.0,33.0,2,0,moderate,0
56,27.5,118.0,87.0,95.0,2,1,moderate,0
18,36.5,74.0,67.0,98.0,1,1,moderate,0
31,30.2,122.0,62.0,39.0,0,0,moderate,0
44,28.8,143.0,78.0,45.0,3,1,low,0
76,26.4,109.0,66.0,50.0,3,0,low,0
47,27.1,124.0,95.0,156.0,7,0,moderate,1
47,35.5,112.0,76.0,70.0,0,0,low,0
60,23.5,128.0,78.0,22.0,3,0,moderate,0
31,33.0,134.0,78.0,38.0,0,0,high,0
18,33.2,118.0,83.0,109.0,0,0,moderate,0
68,30.3,142.0,85.0,59.0,0,1,low,1
53,27.9,129.0,76.0,38.0,5,0,low,1
39,20.1,135.0,64.0,60.0,0,1,low,0
46,33.0,122.0,74.0,126.0,7,1,low,1
59,19.4,126.0,77.0,244.0,5,0,moderate,0
43,30.0,132.0,56.0,71.0,6,1,moderate,0
47,29.3,112.0,51.0,96.0,1,1,moderate,0
71,33.6,132.0,61.0,70.0,0,0,moderate,0
29,23.6,85.0,53.0,83.0,0,0,low,0
52,23.3,66.0,70.0,44.0,0,0,moderate,0
29,32.2,112.0,67.0,163.0,4,1,moderate,0
65,28.0,97.0,77.0,57.0,7,1,moderate,0
49,16.9,166.0,85.0,40.0,0,0,moderate,0
36,29.0,89.0,79.0,48.0,2,0,low,0
25,39.8,129.0,81.0,106.0,6,0,high,0
40,32.3,93.0,87.0,50.0,5,0,low,0
47,21.9,113.0,72.0,170.0,0,0,moderate,0
60,31.8,87.0,45.0,105.0,5,1,low,0
31,34.9,77.0,55.0,118.0,0,1,moderate,0
34,18.6,118.0,82.0,59.0,0,1,high,0
39,27.3,101.0,78.0,52.0,0,0,moderate,0
35,36.8,131.0,84.0,75.0,1,0,moderate,1
38,19.9,,110.0,38.0,2,0,moderate,0
33,27.3,67.0,79.0,,0,1,moderate,0
50,27.7,143.0,75.0,122.0,0,1,moderate,1
39,26.5,85.0,80.0,50.0,0,1,low,0
45,37.3,103.0,62.0,108.0,0,0,high,0
49,36.3,75.0,85.0,85.0,4,0,moderate,0
27,27.2,70.0,74.0,136.0,4,0,high,0
53,22.9,61.0,96.0,182.0,0,0,moderate,0
48,36.6,102.0,57.0,113.0,1,1,moderate,1
48,33.6,114.0,76.0,71.0,2,0,moderate,0
43,28.9,101.0,68.0,143.0,0,1,high,0
41,32.9,63.0,63.0,76.0,1,0,moderate,0
46,32.9,59.0,83.0,64.0,0,0,moderate,0
46,23.8,113.0,72.0,,0,1,low,0
30,25.4,130.0,92.0,78.0,7,1,moderate,0
65,29.0,124.0,70.0,128.0,1,1,low,1
36,17.4,160.0,71.0,42.0,0,0,low,0
46,26.9,111.0,100.0,37.0,8,0,low,0
60,24.2,124.0,60.0,38.0,6,0,low,0
41,30.0,110.0,67.0,129.0,3,1,moderate,1
48,22.2,92.0,40.0,92.0,0,0,moderate,0
18,31.6,101.0,71.0,166.0,0,1,low,0
19,30.3,128.0,84.0,55.0,0,0,moderate,0
45,28.4,136.0,81.0,38.0,0,0,high,0
47,31.8,122.0,78.0,174.0,7,0,moderate,0
59,32.6,158.0,65.0,49.0,0,0,low,0
55,27.6,127.0,74.0,107.0,6,0,moderate,0
24,29.2,116.0,71.0,35.0,0,0,moderate,0
61,24.9,157.0,76.0,81.0,0,0,low,0
30,24.9,89.0,78.0,67.0,0,0,moderate,0
56,38.5,153.0,72.0,34.0,4,0,high,1
39,27.8,84.0,76.0,209.0,0,1,moderate,0
80,28.9,114.0,75.0,45.0,4,1,high,0
37,28.5,60.0,68.0,44.0,0,1,moderate,0
44,31.2,119.0,77.0,51.0,5,0,low,0
47,25.7,148.0,61.0,,0,0,moderate,0
42,26.3,86.0,78.0,62.0,4,0,high,0
32,34.6,101.0,63.0,51.0,0,0,low,0
74,20.1,113.0,76.0,127.0,1,0,low,0
37,30.1,104.0,82.0,88.0,8,0,moderate,0
37,24.1,82.0,65.0,37.0,0,0,high,0
44,16.9,113.0,88.0,51.0,0,0,high,0
48,28.5,155.0,97.0,241.0,0,0,moderate,0
36,22.1,96.0,68.0,45.0,6,0,moderate,0
57,21.0,121.0,74.0,116.0,7,0,low,0
47,44.6,118.0,91.0,51.0,0,0,moderate,0
45,32.3,101.0,54.0,42.0,0,1,moderate,0
52,32.4,121.0,76.0,55.0,0,1,low,0
34,28.7,99.0,72.0,165.0,3,0,low,0
37,21.8,121.0,87.0,,0,0,moderate,0
45,28.0,110.0,73.0,106.0,0,0,high,0
57,,77.0,81.0,144.0,3,1,high,0
42,17.5,63.0,66.0,54.0,0,0,moderate,0
41,39.7,55.0,87.0,128.0,0,1,moderate,0
18,28.5,94.0,63.0,117.0,0,0,moderate,0
36,24.0,132.0,86.0,47.0,7,0,low,0
24,29.7,87.0,77.0,44.0,0,1,moderate,0
27,20.7,101.0,48.0,68.0,7,1,moderate,0
50,23.4,96.0,77.0,78.0,5,0,low,0
85,38.2,99.0,83.0,60.0,8,0,high,1
48,25.9,172.0,61.0,101.0,8,1,moderate,1
49,28.9,91.0,66.0,48.0,4,1,high,0
35,29.6,73.0,77.0,45.0,0,1,moderate,0
31,28.0,84.0,70.0,74.0,4,0,low,0
72,25.8,121.0,80.0,84.0,0,0,moderate,0
35,42.6,94.0,73.0,152.0,0,1,high,0
19,24.6,113.0,60.0,95.0,2,0,moderate,0
48,23.6,93.0,104.0,109.0,4,0,moderate,0
39,31.9,95.0,72.0,61.0,8,0,moderate,0
53,21.3,95.0,77.0,61.0,0,0,high,0
65,35.1,115.0,97.0,52.0,6,0,high,0
50,27.8,133.0,86.0,,7,1,moderate,0
48,29.8,135.0,83.0,80.0,3,0,low,0
54,30.8,152.0,89.0,78.0,2,1,low,1
80,27.0,85.0,83.0,66.0,0,0,moderate,0
75,34.5,91.0,83.0,72.0,0,1,low,0
41,32.9,86.0,83.0,183.0,0,1,high,0
57,32.1,115.0,74.0,86.0,0,0,high,0
68,19.9,89.0,,102.0,0,1,moderate,0
54,26.9,96.0,84.0,95.0,0,0,low,0
44,28.3,130.0,48.0,67.0,7,1,low,0
39,39.4,139.0,86.0,99.0,5,1,moderate,0
46,20.5,131.0,66.0,75.0,3,0,moderate,0
30,25.2,117.0,79.0,37.0,0,0,moderate,0
57,35.5,97.0,56.0,54.0,0,0,high,0
63,23.4,117.0,69.0,221.0,4,0,low,0
40,25.1,142.0,72.0,140.0,6,1,high,0
39,39.0,128.0,82.0,63.0,7,1,high,0
31,31.2,132.0,69.0,107.0,8,0,high,0
51,34.1,139.0,50.0,83.0,0,0,moderate,0
45,33.3,103.0,70.0,192.0,8,0,moderate,0
26,,124.0,71.0,69.0,0,1,moderate,0
83,29.5,111.0,84.0,,0,0,moderate,1
22,34.3,122.0,78.0,48.0,0,0,low,0
26,23.9,140.0,67.0,68.0,3,1,moderate,0
57,39.4,157.0,79.0,16.0,0,1,high,1
54,25.8,130.0,98.0,85.0,0,1,low,1
36,35.1,120.0,90.0,128.0,7,0,low,0
35,32.0,147.0,53.0,187.0,0,0,low,0
51,25.7,90.0,106.0,96.0,8,0,moderate,0
50,31.9,152.0,90.0,,1,0,moderate,0
36,29.8,113.0,95.0,47.0,0,1,low,0
58,18.4,119.0,58.0,57.0,0,1,moderate,0
52,28.5,102.0,71.0,31.0,0,1,low,0
62,21.5,85.0,83.0,64.0,8,0,moderate,0
44,32.0,151.0,63.0,38.0,5,0,high,0
56,28.2,126.0,82.0,53.0,0,1,low,0
42,34.3,101.0,96.0,66.0,6,0,moderate,0
52,24.8,123.0,72.0,88.0,0,0,moderate,0
50,21.2,104.0,96.0,30.0,6,1,moderate,0
56,22.5,69.0,84.0,61.0,2,0,moderate,0
52,41.1,109.0,54.0,,4,0,moderate,0
20,47.2,68.0,66.0,159.0,0,1,moderate,0
37,41.0,116.0,89.0,71.0,8,0,moderate,0
46,19.8,155.0,64.0,247.0,0,1,low,0
51,20.7,96.0,89.0,108.0,0,0,moderate,0
56,22.6,136.0,83.0,76.0,0,0,high,0
52,33.6,96.0,80.0,146.0,0,1,low,0
36,41.6,109.0,69.0,56.0,0,0,high,0
57,34.4,91.0,80.0,41.0,4,0,low,0
34,30.1,126.0,96.0,123.0,0,0,moderate,0
61,23.5,152.0,71.0,99.0,7,0,moderate,0
62,27.3,121.0,83.0,131.0,0,0,low,0
45,29.5,126.0,100.0,129.0,6,0,moderate,0
37,34.3,124.0,79.0,223.0,0,1,low,0
36,26.0,103.0,70.0,33.0,3,0,low,0
31,31.4,144.0,70.0,61.0,0,0,moderate,0
33,30.7,95.0,51.0,63.0,0,1,low,0
43,29.6,69.0,61.0,140.0,0,0,moderate,0
38,26.6,,80.0,90.0,1,0,moderate,0
24,29.7,123.0,88.0,140.0,2,0,moderate,0
39,28.4,100.0,71.0,86.0,1,0,low,0
46,24.3,115.0,87.0,73.0,0,0,low,0
41,34.3,105.0,87.0,107.0,7,0,high,0
33,38.4,114.0,67.0,85.0,0,1,high,0
18,30.0,135.0,69.0,91.0,0,1,high,0
60,28.7,157.0,60.0,105.0,0,1,moderate,0
44,33.6,86.0,85.0,94.0,3,1,moderate,0
49,30.1,138.0,76.0,127.0,4,1,moderate,1
47,35.8,118.0,87.0,,4,0,moderate,0
51,29.6,80.0,75.0,81.0,0,1,low,0
48,32.5,126.0,65.0,42.0,0,1,low,0
46,39.4,162.0,85.0,127.0,0,0,low,0
55,36.6,95.0,52.0,189.0,6,1,moderate,0
58,28.1,109.0,72.0,27.0,0,0,low,0
63,35.5,73.0,67.0,,8,1,low,0
34,22.6,106.0,94.0,,0,1,low,0
48,27.8,117.0,97.0,67.0,4,0,high,0
24,34.0,160.0,81.0,104.0,6,0,moderate,0
39,38.2,85.0,69.0,73.0,6,1,moderate,0
42,24.5,137.0,97.0,91.0,4,1,low,0
55,28.8,123.0,68.0,60.0,0,1,moderate,0
43,29.0,172.0,59.0,169.0,0,0,moderate,1
54,28.4,119.0,52.0,65.0,0,1,low,0
41,21.7,110.0,77.0,48.0,4,1,low,0
37,32.0,133.0,55.0,89.0,0,1,moderate,0
35,21.3,123.0,93.0,47.0,2,0,high,0
54,35.8,140.0,69.0,84.0,2,0,low,0
40,37.1,126.0,61.0,182.0,0,0,moderate,0
18,25.2,65.0,89.0,72.0,0,1,moderate,0
53,21.4,128.0,87.0,,0,0,moderate,0
33,28.8,122.0,96.0,59.0,0,0,moderate,0
48,25.9,93.0,56.0,115.0,0,1,high,0
30,27.7,116.0,53.0,78.0,0,0,moderate,0
45,29.5,62.0,95.0,108.0,0,0,moderate,0
18,23.4,112.0,,52.0,0,0,moderate,0
45,39.0,130.0,61.0,59.0,0,1,low,0
34,25.2,135.0,77.0,104.0,0,0,moderate,0
29,34.6,127.0,60.0,179.0,4,0,low,1
55,23.7,91.0,79.0,60.0,4,0,low,0
43,29.4,72.0,62.0,75.0,0,1,low,0
42,31.7,137.0,91.0,135.0,8,1,high,1
36,29.8,121.0,85.0,79.0,1,1,high,0
57,27.5,128.0,79.0,105.0,0,1,low,0
39,26.0,156.0,72.0,49.0,4,1,moderate,0
64,26.6,73.0,64.0,74.0,7,0,moderate,0
61,24.9,165.0,74.0,52.0,7,0,moderate,0
64,31.0,102.0,61.0,29.0,0,0,low,0
58,40.0,138.0,99.0,45.0,0,1,high,0
37,31.2,110.0,80.0,94.0,0,1,moderate,0
46,32.6,103.0,66.0,100.0,0,0,moderate,0
42,35.5,71.0,95.0,112.0,5,0,high,0
56,26.3,97.0,75.0,,8,0,high,0
45,18.2,125.0,93.0,65.0,5,0,low,0
42,29.0,121.0,92.0,27.0,0,0,moderate,0
67,34.1,143.0,81.0,39.0,0,0,moderate,0
41,41.1,92.0,61.0,135.0,0,1,moderate,0
37,23.1,130.0,69.0,46.0,1,0,high,0
40,35.6,113.0,119.0,71.0,0,0,moderate,0
59,30.6,133.0,69.0,76.0,4,0,moderate,0
47,26.7,126.0,73.0,34.0,8,0,moderate,0
51,22.7,101.0,70.0,88.0,0,1,moderate,0
48,25.5,120.0,65.0,171.0,8,1,low,0
18,32.4,118.0,84.0,73.0,0,1,low,0
31,36.3,130.0,60.0,64.0,0,1,moderate,0
41,16.0,152.0,66.0,39.0,0,0,low,0
49,32.1,96.0,80.0,63.0,0,0,low,0
32,25.6,77.0,73.0,99.0,1,0,moderate,0
32,26.1,143.0,78.0,73.0,6,0,low,0
41,31.5,76.0,76.0,58.0,3,1,moderate,0
62,40.5,144.0,62.0,128.0,0,0,moderate,0
18,24.7,81.0,94.0,64.0,7,0,low,0
18,28.4,88.0,90.0,58.0,1,0,low,0
68,19.5,116.0,65.0,80.0,0,1,moderate,0
25,31.6,68.0,82.0,151.0,0,1,moderate,0
40,24.9,85.0,70.0,68.0,5,1,moderate,0
25,38.5,62.0,89.0,45.0,1,1,moderate,0
41,31.2,129.0,86.0,100.0,6,0,moderate,0
43,27.3,111.0,91.0,61.0,1,1,moderate,0
66,27.3,118.0,65.0,100.0,0,0,low,0
54,31.2,113.0,60.0,24.0,5,1,low,0
28,33.1,107.0,54.0,75.0,0,1,low,0
20,22.0,93.0,108.0,64.0,0,0,moderate,0
51,28.1,139.0,87.0,43.0,0,0,moderate,0
38,29.0,63.0,91.0,38.0,8,0,low,0
36,30.3,71.0,59.0,63.0,2,0,moderate,0
60,36.8,152.0,84.0,41.0,8,0,high,0
22,20.4,113.0,55.0,14.0,8,0,low,0
40,34.7,56.0,81.0,39.0,0,0,moderate,0
53,31.2,123.0,76.0,38.0,0,0,moderate,0
30,26.0,65.0,72.0,75.0,0,0,moderate,0
62,33.8,151.0,69.0,38.0,0,1,low,0
32,26.7,134.0,90.0,74.0,0,0,high,0
44,18.1,168.0,70.0,44.0,4,1,moderate,0
36,16.0,102.0,92.0,113.0,1,0,moderate,0
18,21.7,72.0,75.0,91.0,8,0,moderate,0
40,25.7,96.0,80.0,62.0,0,1,moderate,0
55,30.0,101.0,83.0,80.0,1,0,moderate,0
32,32.6,119.0,82.0,101.0,2,1,moderate,0
37,27.5,61.0,79.0,76.0,0,1,moderate,0
38,20.5,110.0,,80.0,0,0,moderate,0
52,26.7,86.0,90.0,23.0,0,0,moderate,0
40,27.7,97.0,45.0,55.0,3,1,moderate,0
45,39.4,149.0,74.0,48.0,1,0,high,0
45,32.3,139.0,94.0,,6,0,high,0
38,19.1,130.0,66.0,59.0,0,0,low,0
67,27.1,135.0,76.0,51.0,0,1,high,0
32,33.2,102.0,77.0,101.0,4,1,moderate,0
54,29.1,113.0,95.0,32.0,0,0,moderate,0
62,19.3,74.0,63.0,70.0,4,1,moderate,0
43,33.9,78.0,65.0,25.0,8,1,moderate,0
46,31.2,116.0,82.0,50.0,4,0,moderate,0
52,28.1,84.0,80.0,57.0,0,0,moderate,0
40,24.2,129.0,82.0,164.0,8,0,high,0
20,35.1,104.0,80.0,68.0,1,0,moderate,0
42,18.1,103.0,75.0,45.0,3,1,low,0
66,19.7,101.0,83.0,68.0,5,0,moderate,0
52,24.6,126.0,78.0,163.0,5,1,moderate,0
46,30.8,131.0,73.0,24.0,0,1,moderate,0
55,20.8,91.0,75.0,113.0,0,0,low,0
43,25.7,97.0,70.0,91.0,7,1,moderate,0
45,27.0,107.0,68.0,69.0,0,0,high,0
39,31.1,119.0,83.0,62.0,0,0,low,0
51,27.3,,60.0,162.0,6,0,moderate,1
38,27.4,107.0,84.0,,3,0,low,0
41,24.8,130.0,73.0,42.0,7,1,moderate,0
56,35.5,111.0,75.0,75.0,0,0,moderate,0
42,33.0,74.0,74.0,146.0,4,0,high,0
52,32.7,150.0,82.0,99.0,0,0,moderate,0
53,24.3,140.0,94.0,85.0,0,1,high,0
44,25.9,75.0,98.0,36.0,0,0,high,0
40,31.9,116.0,89.0,263.0,0,0,high,0
28,25.5,143.0,77.0,110.0,0,0,moderate,0
31,23.4,100.0,86.0,197.0,0,1,low,0
53,30.7,135.0,52.0,87.0,0,0,moderate,0
53,21.2,144.0,83.0,73.0,1,1,moderate,0
32,27.7,116.0,81.0,52.0,0,1,moderate,0
50,34.4,171.0,57.0,126.0,0,0,high,1
48,29.9,130.0,69.0,,7,0,low,0
57,22.7,118.0,79.0,131.0,1,0,high,0
73,31.8,114.0,81.0,255.0,3,0,high,1
52,25.4,112.0,87.0,79.0,2,0,moderate,0
36,34.1,95.0,96.0,52.0,0,0,high,0
55,32.1,84.0,74.0,85.0,3,1,low,0
31,26.9,84.0,62.0,115.0,3,0,low,0
74,24.5,115.0,86.0,64.0,0,0,low,0
29,23.9,130.0,91.0,72.0,5,0,low,1
51,44.5,122.0,91.0,83.0,4,0,low,1
45,16.0,117.0,82.0,97.0,0,0,low,0
40,18.4,,100.0,79.0,0,0,low,0
39,35.6,156.0,73.0,83.0,0,1,moderate,1
63,34.3,92.0,95.0,105.0,5,0,low,0
52,31.2,133.0,62.0,112.0,8,0,moderate,0
43,17.0,79.0,49.0,56.0,0,1,moderate,0
68,32.2,125.0,62.0,27.0,0,1,moderate,0
43,23.1,74.0,69.0,42.0,1,0,high,0
55,28.4,98.0,76.0,95.0,2,1,moderate,0
28,31.4,125.0,65.0,,7,0,moderate,0
28,32.0,95.0,78.0,85.0,0,0,low,0
54,25.1,85.0,84.0,71.0,0,0,low,0
49,36.7,94.0,80.0,76.0,0,0,moderate,0
73,33.9,94.0,74.0,,8,0,high,0
36,23.2,121.0,90.0,142.0,4,0,moderate,0
54,26.1,147.0,66.0,73.0,7,0,high,0
42,24.4,106.0,73.0,42.0,0,0,high,0
56,28.6,143.0,69.0,87.0,0,1,high,0
55,32.8,99.0,84.0,109.0,8,0,moderate,0
45,17.9,109.0,71.0,21.0,0,0,high,0
35,17.1,158.0,81.0,50.0,0,0,moderate,0
41,24.0,106.0,86.0,75.0,0,1,moderate,0
31,37.1,137.0,70.0,57.0,4,0,low,0
50,,94.0,57.0,79.0,0,0,high,0
18,38.5,105.0,73.0,52.0,0,1,moderate,0
37,28.1,87.0,66.0,123.0,5,0,low,0
57,23.9,117.0,68.0,76.0,3,0,moderate,0
56,18.9,121.0,46.0,27.0,0,0,low,0
24,24.0,127.0,57.0,110.0,0,1,moderate,0
53,25.3,98.0,86.0,114.0,0,0,high,0
30,16.0,104.0,65.0,72.0,0,1,moderate,0
40,24.0,143.0,90.0,27.0,0,1,low,0
55,23.9,82.0,67.0,121.0,0,1,low,0
32,29.1,55.0,82.0,42.0,0,1,moderate,0
64,28.7,99.0,73.0,60.0,3,0,low,0
48,30.9,129.0,84.0,,8,0,low,0
51,19.3,116.0,73.0,33.0,1,1,low,0
59,22.2,90.0,,74.0,2,0,low,0
57,34.6,117.0,91.0,82.0,4,1,high,0
55,27.4,105.0,82.0,78.0,6,0,moderate,0
36,34.1,67.0,68.0,66.0,0,0,moderate,0
31,28.2,99.0,54.0,49.0,0,0,moderate,1
41,30.1,131.0,75.0,165.0,0,1,low,0
51,32.2,106.0,81.0,82.0,3,0,low,1
28,25.7,67.0,78.0,44.0,0,0,low,0
53,25.0,161.0,65.0,94.0,0,1,high,0
50,24.9,86.0,78.0,90.0,0,0,low,0
43,28.5,122.0,84.0,103.0,0,0,moderate,0
46,32.4,135.0,93.0,72.0,0,0,moderate,0
46,26.6,,73.0,52.0,2,0,moderate,0
51,35.9,107.0,105.0,35.0,0,1,moderate,0
55,39.5,65.0,93.0,55.0,0,0,low,0
82,23.7,153.0,78.0,30.0,1,0,low,0
47,36.1,81.0,79.0,87.0,2,0,moderate,0
37,28.9,136.0,93.0,30.0,5,0,low,0
20,31.3,136.0,64.0,61.0,6,0,high,0
27,28.2,75.0,66.0,110.0,0,0,moderate,0
35,36.3,76.0,61.0,65.0,0,0,low,0
54,31.1,104.0,73.0,71.0,5,1,low,0
40,26.9,136.0,66.0,94.0,0,1,moderate,0
50,26.5,97.0,72.0,98.0,0,0,high,0
35,21.8,112.0,76.0,130.0,1,0,moderate,0
51,25.6,100.0,59.0,100.0,0,1,low,0
56,36.3,136.0,92.0,90.0,0,0,moderate,0
40,35.5,94.0,90.0,,2,1,moderate,1
51,25.2,94.0,70.0,84.0,0,0,moderate,0
39,22.4,83.0,94.0,183.0,0,1,moderate,0
29,34.7,79.0,81.0,105.0,3,0,moderate,0
52,31.6,142.0,89.0,126.0,0,1,moderate,0
50,17.1,104.0,60.0,51.0,3,0,high,0
53,46.3,88.0,72.0,71.0,0,0,moderate,0
57,29.1,70.0,84.0,101.0,0,0,moderate,0
42,39.2,104.0,74.0,94.0,7,1,low,1
43,30.0,89.0,74.0,114.0,0,0,low,0
41,22.8,84.0,75.0,39.0,2,0,low,0
49,30.2,92.0,80.0,48.0,3,0,high,0
43,20.2,115.0,77.0,36.0,0,0,high,0
47,28.2,81.0,95.0,85.0,5,0,moderate,0
36,22.5,101.0,64.0,66.0,0,0,moderate,0
32,27.8,133.0,77.0,,8,0,moderate,0
33,30.5,94.0,84.0,51.0,4,0,low,0
50,30.8,85.0,61.0,46.0,0,1,low,0
44,20.2,140.0,72.0,74.0,8,0,low,0
39,25.1,108.0,78.0,136.0,0,0,moderate,0
54,17.1,110.0,94.0,175.0,2,0,moderate,0
64,32.7,,78.0,175.0,0,1,low,0
39,30.2,108.0,85.0,57.0,0,1,moderate,0
31,22.0,110.0,86.0,38.0,0,1,high,0
57,37.4,73.0,43.0,120.0,0,1,moderate,0
45,31.8,89.0,77.0,149.0,0,0,moderate,0
43,28.4,162.0,71.0,93.0,0,0,moderate,0
58,26.2,87.0,94.0,73.0,2,0,low,0
42,25.2,113.0,84.0,52.0,5,0,low,0
50,24.3,160.0,86.0,103.0,0,0,low,0
47,36.0,131.0,82.0,101.0,0,0,moderate,0
85,30.6,130.0,77.0,86.0,5,0,high,0
43,22.7,90.0,86.0,40.0,4,1,low,0
57,36.8,98.0,76.0,43.0,0,0,low,0
42,28.5,103.0,91.0,70.0,0,0,low,0
51,23.5,123.0,63.0,131.0,5,0,low,0
42,40.9,146.0,,122.0,0,0,moderate,0
55,22.4,118.0,72.0,59.0,0,0,moderate,0
44,24.0,96.0,84.0,,3,0,moderate,0
52,29.0,111.0,57.0,154.0,4,1,low,0
35,30.9,124.0,79.0,146.0,1,1,moderate,0
35,24.5,119.0,74.0,79.0,0,0,moderate,0
21,16.0,99.0,75.0,58.0,1,0,low,0
50,29.2,83.0,55.0,62.0,7,0,high,0
37,22.7,139.0,76.0,123.0,5,0,high,0
74,26.8,112.0,78.0,99.0,1,1,moderate,0
39,24.1,117.0,55.0,58.0,0,1,moderate,0
61,22.5,98.0,62.0,247.0,0,1,moderate,0
60,27.4,,78.0,32.0,8,1,high,0
42,25.2,125.0,81.0,53.0,1,0,low,0
35,24.0,75.0,75.0,54.0,8,1,low,0
43,34.8,80.0,77.0,78.0,1,0,moderate,0
60,23.0,156.0,76.0,137.0,0,1,low,0
75,27.5,142.0,69.0,116.0,5,0,high,0
29,28.8,119.0,74.0,79.0,0,0,low,1
45,18.9,83.0,59.0,,4,1,moderate,0
37,22.3,116.0,69.0,125.0,2,0,low,0
40,28.8,109.0,75.0,39.0,3,1,moderate,0
67,28.5,106.0,91.0,59.0,1,0,low,0
35,24.3,107.0,75.0,71.0,7,1,low,1
24,28.8,68.0,101.0,47.0,0,0,low,0
48,30.6,57.0,99.0,47.0,5,0,moderate,0
50,32.5,121.0,77.0,,5,0,low,1
40,33.0,115.0,71.0,164.0,0,0,moderate,0
36,36.3,117.0,103.0,71.0,0,0,high,0
47,29.6,133.0,85.0,28.0,5,0,low,0
27,20.7,121.0,81.0,86.0,0,0,low,0
50,27.2,153.0,67.0,50.0,4,0,moderate,0
40,21.4,143.0,71.0,90.0,0,0,low,0
63,34.1,118.0,64.0,87.0,5,0,moderate,0
49,37.2,117.0,94.0,26.0,8,0,moderate,0
43,29.0,118.0,82.0,59.0,3,0,high,0
42,36.0,70.0,72.0,103.0,7,0,low,0
20,35.6,131.0,70.0,70.0,0,0,moderate,0
43,30.8,127.0,64.0,40.0,5,0,high,0
42,32.2,66.0,75.0,106.0,0,1,moderate,0
46,34.7,154.0,78.0,29.0,0,0,low,1
43,20.6,100.0,49.0,84.0,6,0,low,0
64,30.5,113.0,64.0,55.0,8,1,moderate,1
42,32.3,107.0,68.0,94.0,4,1,moderate,0
34,20.4,105.0,89.0,65.0,2,1,low,0
23,,171.0,69.0,96.0,4,0,moderate,0
39,35.6,103.0,54.0,156.0,2,0,low,0
31,35.6,100.0,63.0,,5,0,high,0
28,31.5,108.0,97.0,107.0,0,0,moderate,0
41,23.3,88.0,72.0,102.0,4,0,moderate,0
60,21.4,124.0,64.0,29.0,0,0,moderate,0
57,28.4,93.0,56.0,77.0,0,0,low,0
28,33.2,121.0,76.0,85.0,1,0,moderate,1
45,32.3,84.0,78.0,100.0,6,1,high,0
51,39.3,98.0,81.0,70.0,0,0,high,0
53,27.1,87.0,109.0,109.0,1,0,low,0
66,26.8,103.0,61.0,43.0,0,0,high,0
30,29.0,60.0,72.0,221.0,5,0,moderate,0
33,22.1,55.0,80.0,100.0,6,0,moderate,0
36,38.0,101.0,71.0,44.0,7,0,high,0
50,27.5,72.0,51.0,155.0,0,0,low,0
18,30.5,152.0,82.0,40.0,0,1,low,0
42,33.9,102.0,68.0,74.0,0,0,moderate,0
22,24.5,125.0,63.0,79.0,2,0,moderate,0
45,30.7,120.0,65.0,59.0,0,1,moderate,0
72,29.0,90.0,95.0,69.0,0,0,moderate,0
57,34.9,104.0,92.0,76.0,3,0,high,0
29,29.1,128.0,63.0,41.0,0,0,low,0
40,16.0,129.0,55.0,86.0,0,1,high,0
33,23.4,132.0,87.0,74.0,0,0,low,0
62,20.0,99.0,101.0,215.0,5,1,high,0
18,,121.0,104.0,167.0,6,0,moderate,0
39,37.5,94.0,59.0,49.0,0,0,high,0
36,,137.0,92.0,68.0,2,0,high,0
30,22.9,135.0,76.0,50.0,0,1,low,1
67,,80.0,53.0,64.0,0,0,moderate,0
25,30.3,114.0,66.0,118.0,0,0,low,0
29,23.3,78.0,67.0,70.0,0,1,moderate,0
66,27.4,140.0,82.0,56.0,1,1,moderate,0
44,20.7,81.0,60.0,,0,0,moderate,0
43,31.6,120.0,87.0,25.0,0,0,moderate,0
37,18.9,130.0,82.0,60.0,0,0,moderate,0
45,,114.0,88.0,157.0,0,0,low,0
39,38.0,134.0,68.0,161.0,6,0,moderate,0
35,43.9,117.0,81.0,151.0,0,0,high,0
27,32.6,150.0,64.0,37.0,0,0,moderate,0
46,38.3,83.0,84.0,37.0,0,1,moderate,0
37,34.4,100.0,73.0,56.0,0,0,low,0
39,23.0,59.0,74.0,74.0,2,0,high,0
54,26.8,106.0,76.0,49.0,3,1,low,0
38,31.5,78.0,55.0,29.0,7,0,high,0
44,,74.0,90.0,123.0,0,0,moderate,0
67,29.0,76.0,77.0,112.0,3,0,moderate,0
50,32.3,100.0,90.0,53.0,0,1,low,0
38,27.0,117.0,89.0,109.0,0,1,low,0
31,26.5,121.0,66.0,124.0,3,0,low,0
43,20.2,139.0,73.0,20.0,0,0,moderate,0
55,31.7,140.0,57.0,105.0,1,0,moderate,0
37,26.0,80.0,91.0,71.0,1,0,moderate,0
44,21.3,92.0,80.0,18.0,0,0,moderate,0
37,25.4,115.0,78.0,,6,1,low,0
40,30.7,116.0,73.0,77.0,1,1,high,0
28,33.0,,64.0,31.0,1,0,moderate,0
48,27.9,105.0,91.0,92.0,0,0,low,0
46,35.4,133.0,100.0,81.0,6,0,moderate,0
63,37.9,113.0,92.0,99.0,0,1,moderate,1
46,27.3,122.0,74.0,,0,0,high,0
35,34.8,120.0,81.0,62.0,0,1,low,0
63,25.0,116.0,89.0,43.0,7,1,moderate,0
49,21.2,87.0,77.0,67.0,0,0,moderate,0
47,,120.0,99.0,29.0,1,1,high,0
44,23.8,129.0,91.0,40.0,0,0,low,0
46,26.4,115.0,109.0,172.0,0,0,moderate,0
33,40.9,55.0,78.0,140.0,0,0,moderate,0
43,25.9,107.0,47.0,126.0,3,0,moderate,0
41,26.7,129.0,77.0,165.0,0,0,moderate,0
49,29.9,87.0,71.0,26.0,4,0,low,0
59,21.1,144.0,78.0,,0,1,moderate,0
57,29.9,98.0,97.0,84.0,2,0,low,0
51,32.9,105.0,69.0,60.0,8,1,high,0
22,37.9,112.0,66.0,26.0,2,1,high,0
38,36.9,85.0,68.0,,3,1,low,0
20,31.2,130.0,102.0,104.0,0,1,low,1
58,27.7,149.0,70.0,,0,1,moderate,1
43,28.0,82.0,79.0,117.0,0,0,moderate,0
42,31.4,106.0,98.0,79.0,7,0,moderate,0
35,28.7,161.0,84.0,104.0,0,0,low,0
61,28.5,146.0,,45.0,5,1,moderate,1
45,23.4,68.0,70.0,84.0,6,1,low,0
43,33.0,143.0,68.0,85.0,8,0,low,0
46,30.8,55.0,55.0,65.0,0,0,low,0
47,24.5,129.0,70.0,17.0,0,0,moderate,0
42,37.9,88.0,43.0,81.0,0,0,moderate,0
60,30.3,128.0,80.0,84.0,0,0,low,0
60,20.5,122.0,76.0,44.0,1,0,low,1
45,34.7,116.0,68.0,101.0,3,0,low,0
34,25.0,125.0,54.0,84.0,0,0,moderate,0
48,26.5,99.0,93.0,92.0,2,1,low,0
36,27.9,94.0,69.0,60.0,2,0,moderate,0
63,34.2,142.0,89.0,,0,1,moderate,0
65,28.7,117.0,74.0,29.0,0,0,moderate,0
53,32.7,99.0,94.0,108.0,1,0,low,0
29,19.6,103.0,83.0,40.0,4,0,moderate,0
38,22.4,103.0,77.0,48.0,6,0,low,0
41,29.2,102.0,66.0,117.0,5,0,moderate,0
33,24.6,121.0,92.0,23.0,0,1,low,0
40,27.8,,74.0,30.0,2,1,low,0
47,33.5,154.0,66.0,,0,1,low,1
51,24.2,120.0,74.0,77.0,7,0,moderate,0
61,24.6,66.0,75.0,25.0,0,0,high,0
44,29.7,119.0,86.0,58.0,0,0,high,0
40,16.2,86.0,53.0,,2,1,moderate,0
27,35.0,107.0,105.0,40.0,0,1,high,0
49,29.8,109.0,82.0,33.0,0,0,low,0
38,29.6,129.0,76.0,29.0,0,0,high,0
41,25.8,129.0,81.0,117.0,0,1,low,0
37,33.1,116.0,58.0,131.0,0,0,moderate,0
37,28.0,162.0,77.0,112.0,0,0,moderate,0
53,36.4,94.0,84.0,145.0,8,0,moderate,1
43,18.7,148.0,72.0,149.0,0,1,moderate,0
64,29.4,154.0,82.0,32.0,0,0,moderate,0
30,29.3,117.0,86.0,128.0,0,0,low,0
60,30.9,128.0,67.0,78.0,2,1,high,0
38,37.4,136.0,91.0,210.0,0,1,low,0
43,20.8,103.0,75.0,,0,0,low,0
51,20.6,100.0,99.0,66.0,4,1,moderate,0
57,26.9,103.0,92.0,62.0,6,0,low,0
58,17.6,123.0,81.0,60.0,0,1,moderate,0
58,42.8,103.0,66.0,77.0,0,1,low,1
41,34.6,92.0,75.0,84.0,0,0,moderate,0
68,32.1,90.0,88.0,314.0,5,0,high,0
52,33.7,87.0,69.0,80.0,7,0,moderate,0
18,36.6,88.0,,58.0,5,0,moderate,0
45,25.3,95.0,83.0,74.0,0,0,moderate,0
40,26.8,114.0,75.0,47.0,0,0,low,0
40,31.1,90.0,66.0,29.0,2,1,moderate,0
53,26.0,127.0,95.0,68.0,0,1,moderate,1
48,23.4,166.0,82.0,266.0,0,0,moderate,0
36,25.8,143.0,72.0,120.0,1,0,moderate,0
64,31.3,88.0,67.0,57.0,0,0,moderate,0
28,34.5,100.0,87.0,89.0,0,0,high,0
27,21.4,73.0,75.0,294.0,0,1,moderate,0
30,27.9,114.0,88.0,82.0,6,0,moderate,0
50,28.7,120.0,65.0,45.0,3,1,high,0
49,20.7,118.0,80.0,77.0,6,0,moderate,0
34,31.7,81.0,70.0,105.0,2,1,high,0
37,28.4,92.0,97.0,93.0,0,0,moderate,0
44,23.4,138.0,80.0,164.0,7,1,low,0
31,26.1,119.0,64.0,78.0,2,0,moderate,0
55,32.2,91.0,87.0,20.0,0,1,high,0
65,34.9,82.0,91.0,96.0,1,0,moderate,0
42,31.0,109.0,72.0,92.0,0,0,moderate,0
49,40.4,110.0,66.0,89.0,5,0,high,0
46,35.7,78.0,50.0,46.0,8,0,low,0
62,32.3,108.0,89.0,221.0,0,1,moderate,0
70,24.8,105.0,55.0,41.0,0,0,low,0
40,35.8,95.0,75.0,43.0,7,0,high,0
45,24.4,100.0,55.0,65.0,3,1,low,0
56,33.5,122.0,98.0,153.0,0,0,moderate,0
49,16.0,115.0,92.0,157.0,0,1,moderate,0
33,26.0,143.0,80.0,105.0,3,1,low,0
21,20.6,111.0,89.0,120.0,0,1,high,0
37,27.3,132.0,74.0,,0,0,moderate,0
49,19.8,77.0,66.0,29.0,0,0,low,0
39,29.2,115.0,56.0,60.0,0,0,moderate,0
31,31.8,98.0,86.0,120.0,8,0,low,0
37,25.1,130.0,64.0,122.0,0,0,high,0
68,27.1,125.0,106.0,46.0,2,0,moderate,0
30,30.3,151.0,63.0,43.0,7,0,high,0
40,,86.0,88.0,140.0,0,0,moderate,0
38,37.1,91.0,91.0,82.0,0,0,high,0
70,24.9,127.0,60.0,24.0,0,1,moderate,0
25,32.2,103.0,71.0,40.0,0,0,low,0
34,30.6,84.0,73.0,96.0,0,0,low,0
45,19.5,122.0,118.0,38.0,3,1,low,1
47,29.5,99.0,73.0,43.0,8,0,high,0
59,28.5,128.0,62.0,44.0,0,1,high,0
58,26.0,69.0,82.0,119.0,0,0,low,0
35,39.6,102.0,63.0,73.0,0,0,low,0
49,36.7,117.0,75.0,185.0,7,0,low,0
42,24.4,116.0,71.0,58.0,7,0,moderate,0
39,32.8,129.0,82.0,66.0,0,0,moderate,0
58,33.5,109.0,69.0,89.0,3,0,high,0
48,29.9,125.0,68.0,52.0,0,1,moderate,0
65,22.4,115.0,,31.0,6,1,moderate,0
51,23.3,133.0,79.0,61.0,4,0,moderate,1
57,32.2,73.0,76.0,49.0,0,0,low,0
18,32.0,55.0,53.0,69.0,3,0,moderate,0
46,27.3,146.0,83.0,53.0,0,1,moderate,0
50,36.9,98.0,70.0,94.0,0,0,high,0
51,38.0,68.0,79.0,61.0,2,1,high,0
65,37.9,113.0,54.0,30.0,0,0,moderate,0
53,37.9,100.0,79.0,52.0,0,0,moderate,1
29,28.9,118.0,78.0,38.0,0,0,high,0
52,21.0,127.0,73.0,212.0,0,0,high,0
55,27.1,103.0,65.0,76.0,0,0,moderate,0
37,28.3,135.0,90.0,106.0,3,1,low,0
39,25.2,78.0,67.0,,2,0,moderate,0
55,26.7,55.0,87.0,202.0,0,0,high,0
45,22.1,116.0,89.0,37.0,2,0,low,0
59,33.3,109.0,66.0,48.0,0,0,high,0
47,38.8,61.0,85.0,136.0,0,0,moderate,0
18,43.3,122.0,71.0,55.0,0,0,high,0
45,30.5,66.0,84.0,49.0,0,0,moderate,0
39,28.0,107.0,65.0,54.0,0,0,low,0
53,28.8,135.0,75.0,213.0,1,0,high,0
50,37.2,120.0,77.0,227.0,0,0,moderate,0
32,37.1,114.0,76.0,92.0,0,0,moderate,0
47,27.6,100.0,81.0,82.0,4,0,high,0
52,36.2,118.0,66.0,113.0,4,0,moderate,0
50,30.0,127.0,69.0,91.0,3,0,low,0
57,24.6,98.0,85.0,81.0,6,0,low,0
31,28.1,78.0,71.0,58.0,0,1,moderate,0
43,39.2,133.0,70.0,53.0,0,0,moderate,0
18,33.3,155.0,66.0,97.0,0,0,moderate,0
60,26.0,156.0,70.0,,0,0,moderate,0
46,34.6,55.0,64.0,165.0,8,0,moderate,0
44,33.3,146.0,85.0,64.0,7,0,low,1
43,27.1,94.0,71.0,44.0,0,1,moderate,0
51,24.5,162.0,63.0,33.0,7,0,high,0
59,22.3,87.0,74.0,48.0,0,1,low,0
41,19.1,81.0,59.0,33.0,2,0,moderate,0
50,25.1,112.0,66.0,139.0,6,1,moderate,1
50,27.9,102.0,92.0,58.0,0,0,moderate,0
18,36.6,96.0,63.0,48.0,0,0,high,0
36,33.9,135.0,74.0,96.0,0,1,high,1
51,30.2,147.0,,215.0,0,0,high,0
61,17.8,91.0,79.0,58.0,0,0,moderate,0
63,30.8,161.0,70.0,39.0,5,1,low,0
29,19.1,75.0,52.0,59.0,0,1,moderate,0
58,34.2,99.0,78.0,27.0,8,0,moderate,0
58,34.4,184.0,67.0,98.0,4,0,low,1
50,29.3,123.0,83.0,,0,0,moderate,0
19,,88.0,68.0,58.0,0,0,moderate,0
38,35.1,117.0,79.0,40.0,0,0,moderate,0
46,29.7,131.0,93.0,276.0,8,0,high,0
42,28.1,120.0,84.0,37.0,0,1,high,0
18,21.0,140.0,60.0,49.0,2,1,low,1
42,26.9,88.0,77.0,,7,0,low,0
33,23.0,91.0,88.0,,0,0,low,0
53,23.0,90.0,58.0,68.0,6,1,high,0
51,24.6,,96.0,75.0,2,1,low,0
52,17.2,115.0,78.0,103.0,8,0,moderate,0
40,34.9,82.0,83.0,430.0,7,0,low,0
45,30.3,120.0,72.0,54.0,3,1,moderate,0
44,36.0,129.0,77.0,56.0,0,1,moderate,0
57,33.8,82.0,65.0,69.0,6,0,low,0
38,32.0,93.0,95.0,107.0,7,0,moderate,0
35,33.8,96.0,98.0,296.0,5,1,moderate,0
57,29.9,109.0,102.0,69.0,4,0,moderate,1
56,36.8,110.0,55.0,100.0,0,0,high,0
51,25.9,138.0,80.0,22.0,0,1,low,0
66,28.9,144.0,81.0,76.0,0,0,high,0
72,27.3,97.0,68.0,73.0,8,0,high,0
61,41.1,135.0,80.0,129.0,0,0,low,1
35,25.2,147.0,59.0,55.0,0,0,moderate,0
56,36.7,147.0,94.0,38.0,0,0,low,0
46,20.8,118.0,58.0,84.0,2,0,moderate,0
38,29.6,109.0,79.0,31.0,5,1,low,0
35,27.9,72.0,85.0,47.0,0,0,low,0
49,22.9,102.0,69.0,76.0,7,0,moderate,0
56,25.0,74.0,92.0,20.0,0,0,moderate,0
63,,147.0,54.0,64.0,0,0,moderate,0
54,27.0,107.0,76.0,176.0,0,0,moderate,0
52,,111.0,56.0,30.0,4,0,moderate,0
42,34.4,95.0,67.0,51.0,4,0,moderate,0
48,28.9,75.0,70.0,102.0,4,0,high,0
26,31.0,126.0,69.0,115.0,3,1,moderate,0
52,35.6,127.0,91.0,76.0,0,0,moderate,0
51,38.3,139.0,62.0,67.0,6,0,moderate,0
70,16.0,71.0,57.0,183.0,8,0,low,0
44,28.4,147.0,71.0,83.0,1,0,moderate,0
60,,112.0,77.0,41.0,2,0,high,0
39,45.4,131.0,82.0,79.0,1,0,high,1
67,29.9,55.0,90.0,68.0,0,0,low,0
64,34.8,128.0,50.0,58.0,0,0,moderate,0
60,25.2,114.0,96.0,29.0,2,1,low,0
46,26.9,106.0,66.0,73.0,5,0,moderate,0
42,35.6,109.0,73.0,102.0,2,1,moderate,0
40,32.1,95.0,76.0,111.0,0,0,high,0
32,,,50.0,74.0,0,0,low,0
51,24.0,79.0,71.0,75.0,0,1,moderate,0
42,27.7,112.0,88.0,54.0,0,1,moderate,0
50,32.1,149.0,84.0,126.0,7,0,moderate,1
47,33.0,142.0,70.0,38.0,3,1,high,1
31,31.5,115.0,79.0,55.0,3,0,high,0
59,21.1,102.0,82.0,47.0,0,0,low,0
46,23.3,168.0,73.0,69.0,8,0,high,0
56,31.0,133.0,82.0,152.0,0,0,high,1
30,19.7,124.0,66.0,38.0,0,1,moderate,1
35,23.7,74.0,65.0,86.0,0,0,low,0
40,29.2,118.0,72.0,87.0,3,0,low,0
48,24.3,79.0,47.0,43.0,0,1,low,0
44,30.4,168.0,84.0,66.0,0,0,high,0
63,28.5,94.0,77.0,,0,0,moderate,0
58,24.3,99.0,73.0,78.0,0,0,high,0
35,,92.0,86.0,69.0,4,1,moderate,0
83,36.7,112.0,81.0,,0,0,moderate,0
44,31.3,130.0,89.0,48.0,8,1,low,0
62,30.5,,95.0,67.0,0,0,moderate,0
41,29.3,112.0,80.0,60.0,0,0,low,0
53,23.6,133.0,67.0,155.0,0,0,moderate,0
57,25.6,74.0,85.0,56.0,3,0,low,0
25,16.0,127.0,67.0,45.0,1,0,moderate,0
68,25.2,121.0,67.0,48.0,8,0,high,0
35,25.3,91.0,72.0,,0,0,low,0
40,32.3,114.0,90.0,54.0,3,0,low,0
37,25.4,113.0,85.0,46.0,6,1,high,0
38,33.7,55.0,87.0,74.0,0,1,moderate,0
38,27.4,147.0,77.0,36.0,0,0,low,0
29,29.9,141.0,83.0,101.0,0,0,moderate,0
55,28.8,79.0,83.0,75.0,2,1,low,0
46,33.2,92.0,68.0,180.0,0,0,low,0
43,36.2,148.0,83.0,,0,0,moderate,0
58,23.1,133.0,76.0,90.0,3,0,low,0
68,39.6,128.0,71.0,223.0,0,0,low,0
25,23.9,119.0,72.0,94.0,0,0,low,0
66,27.9,127.0,69.0,65.0,0,0,moderate,0
45,25.8,83.0,73.0,46.0,3,0,moderate,0
27,38.0,92.0,76.0,164.0,0,0,moderate,0
50,22.6,140.0,84.0,42.0,8,1,low,1
43,33.3,129.0,94.0,39.0,0,0,high,0
56,16.0,122.0,,39.0,0,1,high,0
47,33.9,95.0,77.0,49.0,6,0,moderate,0
50,27.9,140.0,52.0,75.0,7,0,high,0
39,26.8,84.0,105.0,64.0,1,0,high,0
32,24.8,149.0,68.0,98.0,0,1,moderate,0
55,28.6,95.0,68.0,40.0,8,0,high,0
38,26.9,87.0,91.0,46.0,8,0,high,0
50,20.1,114.0,63.0,80.0,0,0,moderate,0
64,24.3,122.0,80.0,43.0,0,0,low,0
43,33.8,114.0,70.0,35.0,0,1,moderate,1
54,26.6,79.0,73.0,32.0,1,0,moderate,0
45,24.3,123.0,77.0,72.0,0,0,moderate,0
40,29.3,137.0,62.0,71.0,2,0,moderate,0
25,31.9,105.0,75.0,69.0,8,0,low,0
44,32.9,70.0,88.0,,1,1,low,0
43,31.0,106.0,75.0,87.0,0,1,low,0
34,36.3,79.0,118.0,74.0,5,1,moderate,0
19,29.3,55.0,77.0,155.0,3,1,low,0
23,27.6,92.0,62.0,126.0,0,0,low,0
68,34.2,162.0,70.0,49.0,0,0,high,1
45,24.7,110.0,53.0,117.0,0,0,moderate,0
26,26.6,100.0,89.0,195.0,0,1,moderate,0
37,19.4,129.0,95.0,196.0,0,1,low,0
45,39.9,128.0,86.0,126.0,8,0,low,0
51,,74.0,66.0,91.0,0,0,moderate,0
42,27.9,162.0,66.0,86.0,2,0,low,0
71,33.6,124.0,85.0,164.0,8,1,low,1
72,33.2,143.0,70.0,35.0,8,1,high,1
50,30.1,97.0,66.0,148.0,0,1,low,0
40,36.3,58.0,64.0,79.0,0,1,high,0
50,21.4,110.0,98.0,44.0,7,1,high,0
28,27.9,78.0,70.0,38.0,5,1,moderate,0
58,16.5,147.0,86.0,,1,0,low,1
47,22.9,74.0,83.0,101.0,0,1,moderate,0
29,19.2,109.0,66.0,212.0,1,0,high,0
37,18.0,126.0,76.0,56.0,3,0,moderate,0
52,26.0,125.0,64.0,46.0,0,0,low,0
23,31.2,93.0,93.0,143.0,8,0,high,0
33,25.0,61.0,65.0,78.0,0,0,moderate,0
39,25.7,70.0,80.0,147.0,0,0,moderate,0
58,24.6,95.0,70.0,43.0,7,0,low,0
67,29.8,79.0,65.0,106.0,7,1,moderate,0
50,25.4,111.0,89.0,200.0,8,0,moderate,0
18,23.0,85.0,70.0,41.0,0,1,moderate,0
30,34.6,73.0,54.0,62.0,0,0,high,0
85,23.8,84.0,81.0,60.0,4,1,low,0
47,21.4,70.0,68.0,111.0,2,1,low,0
18,33.4,104.0,78.0,,7,1,moderate,0
76,18.9,100.0,86.0,51.0,0,1,low,0
28,36.4,108.0,80.0,291.0,0,0,moderate,0
52,22.8,112.0,87.0,76.0,0,0,moderate,0
30,29.5,103.0,60.0,54.0,0,0,moderate,0
74,23.0,137.0,90.0,162.0,8,0,moderate,0
27,29.1,68.0,72.0,80.0,0,0,low,0
37,25.9,128.0,59.0,60.0,1,1,low,1
59,23.1,126.0,47.0,55.0,7,1,moderate,0
38,19.4,105.0,72.0,234.0,0,0,moderate,0
51,25.8,,67.0,43.0,3,0,high,0
56,31.9,116.0,67.0,137.0,0,1,low,1
47,33.0,125.0,80.0,47.0,0,0,low,0
31,24.7,71.0,97.0,52.0,0,0,moderate,0
35,24.7,126.0,65.0,70.0,0,0,moderate,0
40,28.0,158.0,77.0,95.0,2,0,moderate,1
53,29.0,112.0,69.0,30.0,2,0,moderate,0
56,29.0,150.0,64.0,55.0,0,1,moderate,0
48,26.4,126.0,,130.0,0,1,low,0
54,26.8,121.0,96.0,129.0,0,0,low,0
24,27.3,88.0,76.0,63.0,0,1,high,0
49,16.0,104.0,74.0,39.0,0,0,moderate,0
44,26.6,85.0,68.0,83.0,0,0,high,0
51,33.7,139.0,77.0,117.0,8,0,low,1
55,37.4,94.0,68.0,81.0,7,0,high,0
31,36.1,156.0,99.0,160.0,1,1,high,0
44,29.5,124.0,79.0,64.0,0,1,high,0
62,21.9,127.0,78.0,36.0,0,1,low,0
49,25.7,77.0,77.0,53.0,5,1,low,0
44,24.4,130.0,92.0,74.0,4,1,high,0
29,20.5,102.0,76.0,50.0,0,1,moderate,0
52,23.3,99.0,70.0,55.0,0,1,moderate,0
27,24.6,90.0,78.0,125.0,5,1,low,0
43,20.6,78.0,,47.0,0,0,moderate,0
39,34.6,111.0,90.0,35.0,4,0,moderate,0
50,32.7,109.0,79.0,115.0,2,1,moderate,0
37,28.7,75.0,79.0,105.0,5,0,low,0
41,31.3,125.0,88.0,42.0,0,0,moderate,0
33,30.8,166.0,43.0,109.0,4,1,high,0
42,24.6,73.0,77.0,40.0,0,1,high,0
48,39.8,110.0,69.0,50.0,6,0,high,0
40,24.4,156.0,77.0,40.0,6,0,low,0
41,19.0,90.0,80.0,57.0,0,0,moderate,0
47,30.0,124.0,91.0,101.0,0,1,low,1
58,32.4,126.0,59.0,85.0,6,1,high,0
55,27.2,132.0,67.0,47.0,0,1,moderate,0
28,36.5,157.0,65.0,82.0,0,0,high,0
55,30.1,66.0,69.0,91.0,0,1,low,0
63,24.1,122.0,60.0,125.0,3,1,high,0
54,25.4,101.0,102.0,90.0,4,0,moderate,0
18,29.9,104.0,86.0,111.0,7,1,moderate,1
48,29.5,114.0,67.0,76.0,0,0,high,0
63,36.3,109.0,76.0,47.0,0,0,low,0
39,34.0,81.0,71.0,81.0,8,0,low,0
83,19.6,94.0,78.0,144.0,0,0,low,0
18,28.0,163.0,67.0,148.0,6,0,moderate,0
47,21.5,75.0,58.0,18.0,0,1,moderate,0
54,37.8,147.0,69.0,104.0,0,0,high,0
47,23.2,85.0,93.0,56.0,0,0,moderate,0
47,30.2,115.0,58.0,92.0,6,1,moderate,0
31,24.8,162.0,89.0,35.0,7,1,moderate,1
38,17.1,132.0,83.0,,8,1,moderate,0
52,21.5,75.0,71.0,,0,0,moderate,0
18,27.5,96.0,85.0,58.0,3,1,high,0
57,32.4,114.0,79.0,103.0,6,0,moderate,1
44,32.2,140.0,50.0,94.0,8,0,low,0
52,21.0,115.0,71.0,240.0,0,0,high,0
56,30.9,110.0,71.0,56.0,1,0,high,1
85,34.7,168.0,93.0,45.0,1,1,moderate,1
63,32.1,159.0,71.0,158.0,0,0,moderate,1
29,26.8,127.0,73.0,29.0,0,0,moderate,0
73,29.3,102.0,62.0,82.0,8,0,moderate,0
18,29.9,55.0,75.0,97.0,8,0,moderate,0
39,37.4,76.0,62.0,21.0,0,0,moderate,0
47,39.2,,89.0,40.0,8,1,moderate,0
41,32.9,109.0,71.0,35.0,6,1,low,1
49,29.3,138.0,62.0,117.0,5,1,moderate,0
43,28.8,165.0,91.0,52.0,0,0,moderate,0
62,29.4,151.0,60.0,64.0,0,1,moderate,0
39,30.2,91.0,79.0,30.0,4,0,low,0
43,25.9,118.0,58.0,47.0,0,0,moderate,0
68,40.8,129.0,80.0,48.0,0,0,high,0
58,24.2,73.0,89.0,65.0,0,0,moderate,0
43,36.8,88.0,68.0,62.0,0,0,moderate,0
51,16.0,102.0,62.0,165.0,3,0,high,0
69,27.3,176.0,62.0,108.0,1,0,moderate,0
27,27.0,118.0,75.0,28.0,0,1,moderate,0
31,30.4,73.0,99.0,129.0,2,1,low,0
38,26.8,99.0,89.0,120.0,8,1,low,0
48,37.3,125.0,90.0,77.0,8,1,high,0
58,27.5,108.0,63.0,,0,1,high,0
35,22.8,100.0,89.0,143.0,8,0,low,0
33,23.2,129.0,88.0,56.0,5,1,high,0
28,,146.0,80.0,38.0,0,0,moderate,0
33,33.3,142.0,68.0,101.0,5,1,low,0
36,34.4,102.0,88.0,47.0,0,0,low,0
18,21.8,101.0,68.0,85.0,3,0,moderate,0
38,24.2,102.0,84.0,42.0,5,0,low,0
31,22.6,137.0,71.0,126.0,8,1,moderate,0
43,27.3,101.0,64.0,49.0,0,1,high,0
67,34.8,66.0,71.0,66.0,8,0,moderate,0
24,30.0,120.0,100.0,63.0,0,0,high,0
58,32.3,130.0,62.0,34.0,0,1,moderate,0
67,33.5,107.0,88.0,133.0,0,0,moderate,0
58,,165.0,86.0,149.0,3,0,moderate,1
49,21.3,98.0,74.0,68.0,2,0,moderate,0
62,25.5,155.0,69.0,49.0,0,1,high,0
53,33.9,78.0,61.0,65.0,0,1,low,0
59,32.6,123.0,91.0,56.0,2,1,low,0
47,29.5,91.0,62.0,73.0,0,0,moderate,0
31,34.7,107.0,43.0,62.0,0,0,high,0
60,29.9,136.0,80.0,45.0,1,0,moderate,0
79,27.0,105.0,60.0,137.0,0,0,moderate,0
41,19.6,92.0,75.0,66.0,0,0,high,0
45,36.6,106.0,60.0,213.0,0,0,low,0
46,28.4,214.0,69.0,78.0,8,0,low,1
26,26.3,113.0,77.0,59.0,5,0,moderate,0
34,28.4,113.0,79.0,63.0,0,0,moderate,0
49,38.0,125.0,92.0,60.0,6,1,low,0
44,35.0,65.0,76.0,70.0,0,0,moderate,0
45,26.8,137.0,77.0,83.0,0,0,moderate,0
45,31.8,131.0,73.0,40.0,4,0,low,1
43,36.4,63.0,87.0,42.0,3,0,moderate,0
35,31.1,174.0,62.0,113.0,4,1,low,0
51,29.7,114.0,71.0,98.0,2,0,low,0
49,16.5,83.0,76.0,31.0,1,0,high,0
34,36.5,118.0,65.0,98.0,0,0,moderate,0
50,22.8,89.0,93.0,117.0,3,1,moderate,1
37,17.8,67.0,80.0,85.0,5,0,moderate,0
53,18.2,107.0,61.0,30.0,2,0,low,1
44,23.9,106.0,81.0,35.0,6,1,moderate,1
50,31.9,71.0,92.0,72.0,0,1,low,0
47,36.0,91.0,67.0,208.0,4,1,moderate,0
44,31.0,84.0,92.0,55.0,5,0,low,0
49,39.4,103.0,79.0,103.0,0,1,moderate,0
56,26.6,132.0,78.0,52.0,0,0,high,0
47,27.6,116.0,90.0,188.0,0,0,high,0
46,17.8,111.0,78.0,75.0,0,0,high,0
40,25.5,61.0,81.0,38.0,4,0,moderate,0
21,16.7,105.0,77.0,47.0,0,0,low,0
45,20.9,83.0,55.0,45.0,4,0,low,0
29,32.8,62.0,81.0,79.0,7,1,low,0
38,18.9,134.0,79.0,50.0,0,0,high,0
34,19.5,73.0,71.0,56.0,6,0,moderate,0
36,18.5,112.0,45.0,215.0,0,0,low,0
36,33.7,97.0,83.0,53.0,0,1,low,0
51,38.8,88.0,66.0,81.0,3,0,low,0
49,28.6,146.0,62.0,63.0,0,1,high,0
46,34.7,96.0,61.0,,7,0,low,0
61,22.0,102.0,52.0,106.0,3,0,high,0
85,36.4,102.0,82.0,22.0,0,0,moderate,0
52,24.7,118.0,104.0,80.0,0,0,high,0
57,33.0,111.0,69.0,60.0,6,0,moderate,1
49,28.8,94.0,86.0,81.0,1,0,low,0
53,17.5,89.0,75.0,66.0,0,0,low,0
24,23.7,106.0,79.0,66.0,2,1,high,0
18,30.0,88.0,75.0,87.0,4,1,moderate,0
18,17.9,152.0,85.0,54.0,0,0,moderate,0
37,30.8,96.0,62.0,217.0,0,0,moderate,0
63,20.5,126.0,77.0,43.0,0,0,low,0
